1,frame1560419333.jpg
1,frame1560419333.jpg
1,frame1560419333.jpg
1,frame1560419333.jpg
1,frame1560419333.jpg
1,frame1560419334.jpg
1,frame1560419334.jpg
1,frame1560419334.jpg
1,frame1560419334.jpg
1,frame1560419334.jpg
1,frame1560419334.jpg
1,frame1560419334.jpg
1,frame1560419334.jpg
1,frame1560419334.jpg
1,frame1560419334.jpg
1,frame1560419334.jpg
1,frame1560419334.jpg
1,frame1560419334.jpg
1,frame1560419334.jpg
1,frame1560419334.jpg
1,frame1560419334.jpg
1,frame1560419334.jpg
1,frame1560419334.jpg
1,frame1560419334.jpg
1,frame1560419334.jpg
1,frame1560419334.jpg
1,frame1560419334.jpg
1,frame1560419334.jpg
1,frame1560419334.jpg
1,frame1560419334.jpg
1,frame1560419334.jpg
1,frame1560419334.jpg
1,frame1560419334.jpg
1,frame1560419334.jpg
1,frame1560419334.jpg
1,frame1560419335.jpg
1,frame1560419335.jpg
1,frame1560419335.jpg
1,frame1560419335.jpg
1,frame1560419335.jpg
1,frame1560419335.jpg
1,frame1560419335.jpg
1,frame1560419335.jpg
1,frame1560419335.jpg
1,frame1560419335.jpg
1,frame1560419335.jpg
1,frame1560419335.jpg
1,frame1560419335.jpg
1,frame1560419335.jpg
1,frame1560419335.jpg
1,frame1560419335.jpg
1,frame1560419335.jpg
1,frame1560419335.jpg
1,frame1560419335.jpg
1,frame1560419335.jpg
1,frame1560419335.jpg
1,frame1560419335.jpg
1,frame1560419335.jpg
1,frame1560419335.jpg
1,frame1560419335.jpg
1,frame1560419335.jpg
1,frame1560419335.jpg
1,frame1560419335.jpg
1,frame1560419335.jpg
1,frame1560419335.jpg
1,frame1560419336.jpg
1,frame1560419336.jpg
1,frame1560419336.jpg
1,frame1560419336.jpg
1,frame1560419336.jpg
1,frame1560419336.jpg
1,frame1560419336.jpg
1,frame1560419336.jpg
1,frame1560419336.jpg
1,frame1560419336.jpg
1,frame1560419336.jpg
1,frame1560419336.jpg
1,frame1560419336.jpg
1,frame1560419336.jpg
1,frame1560419336.jpg
1,frame1560419336.jpg
1,frame1560419336.jpg
1,frame1560419336.jpg
1,frame1560419336.jpg
1,frame1560419336.jpg
1,frame1560419336.jpg
1,frame1560419336.jpg
1,frame1560419336.jpg
1,frame1560419336.jpg
1,frame1560419336.jpg
1,frame1560419336.jpg
1,frame1560419336.jpg
1,frame1560419336.jpg
1,frame1560419336.jpg
1,frame1560419336.jpg
1,frame1560419337.jpg
1,frame1560419337.jpg
1,frame1560419337.jpg
1,frame1560419337.jpg
1,frame1560419337.jpg
1,frame1560419337.jpg
1,frame1560419337.jpg
1,frame1560419337.jpg
1,frame1560419337.jpg
1,frame1560419337.jpg
1,frame1560419337.jpg
1,frame1560419337.jpg
1,frame1560419338.jpg
1,frame1560419338.jpg
1,frame1560419338.jpg
1,frame1560419338.jpg
1,frame1560419338.jpg
1,frame1560419338.jpg
1,frame1560419339.jpg
1,frame1560419339.jpg
1,frame1560419339.jpg
1,frame1560419339.jpg
1,frame1560419339.jpg
1,frame1560419339.jpg
1,frame1560419339.jpg
1,frame1560419339.jpg
1,frame1560419339.jpg
1,frame1560419339.jpg
1,frame1560419339.jpg
1,frame1560419339.jpg
1,frame1560419339.jpg
1,frame1560419339.jpg
1,frame1560419339.jpg
1,frame1560419340.jpg
1,frame1560419340.jpg
1,frame1560419340.jpg
1,frame1560419340.jpg
1,frame1560419340.jpg
0,frame1560419340.jpg
0,frame1560419340.jpg
0,frame1560419340.jpg
0,frame1560419340.jpg
0,frame1560419340.jpg
0,frame1560419340.jpg
0,frame1560419340.jpg
0,frame1560419340.jpg
0,frame1560419340.jpg
0,frame1560419340.jpg
0,frame1560419340.jpg
0,frame1560419340.jpg
0,frame1560419340.jpg
0,frame1560419340.jpg
0,frame1560419340.jpg
0,frame1560419340.jpg
0,frame1560419340.jpg
0,frame1560419340.jpg
0,frame1560419340.jpg
0,frame1560419340.jpg
0,frame1560419340.jpg
0,frame1560419340.jpg
0,frame1560419340.jpg
0,frame1560419340.jpg
0,frame1560419340.jpg
0,frame1560419341.jpg
0,frame1560419341.jpg
0,frame1560419341.jpg
0,frame1560419341.jpg
0,frame1560419341.jpg
0,frame1560419341.jpg
0,frame1560419341.jpg
0,frame1560419341.jpg
0,frame1560419341.jpg
0,frame1560419341.jpg
0,frame1560419341.jpg
0,frame1560419341.jpg
0,frame1560419341.jpg
0,frame1560419341.jpg
0,frame1560419341.jpg
0,frame1560419341.jpg
0,frame1560419341.jpg
0,frame1560419341.jpg
0,frame1560419341.jpg
0,frame1560419341.jpg
0,frame1560419341.jpg
0,frame1560419341.jpg
0,frame1560419341.jpg
0,frame1560419341.jpg
0,frame1560419341.jpg
0,frame1560419341.jpg
0,frame1560419341.jpg
0,frame1560419341.jpg
0,frame1560419341.jpg
0,frame1560419341.jpg
0,frame1560419342.jpg
0,frame1560419342.jpg
0,frame1560419342.jpg
0,frame1560419342.jpg
0,frame1560419342.jpg
0,frame1560419342.jpg
0,frame1560419342.jpg
0,frame1560419342.jpg
0,frame1560419342.jpg
0,frame1560419342.jpg
0,frame1560419342.jpg
0,frame1560419342.jpg
0,frame1560419342.jpg
0,frame1560419342.jpg
0,frame1560419342.jpg
0,frame1560419342.jpg
0,frame1560419342.jpg
0,frame1560419342.jpg
0,frame1560419342.jpg
0,frame1560419342.jpg
0,frame1560419342.jpg
0,frame1560419342.jpg
0,frame1560419342.jpg
0,frame1560419342.jpg
0,frame1560419342.jpg
0,frame1560419342.jpg
0,frame1560419342.jpg
0,frame1560419342.jpg
0,frame1560419342.jpg
0,frame1560419343.jpg
0,frame1560419343.jpg
0,frame1560419343.jpg
0,frame1560419343.jpg
0,frame1560419343.jpg
0,frame1560419343.jpg
0,frame1560419343.jpg
0,frame1560419343.jpg
0,frame1560419343.jpg
0,frame1560419343.jpg
0,frame1560419343.jpg
0,frame1560419343.jpg
0,frame1560419343.jpg
0,frame1560419343.jpg
0,frame1560419343.jpg
0,frame1560419343.jpg
0,frame1560419343.jpg
0,frame1560419343.jpg
0,frame1560419343.jpg
0,frame1560419343.jpg
0,frame1560419343.jpg
0,frame1560419343.jpg
0,frame1560419343.jpg
0,frame1560419343.jpg
0,frame1560419343.jpg
0,frame1560419343.jpg
0,frame1560419343.jpg
0,frame1560419343.jpg
0,frame1560419343.jpg
0,frame1560419343.jpg
0,frame1560419344.jpg
0,frame1560419344.jpg
0,frame1560419344.jpg
0,frame1560419344.jpg
0,frame1560419344.jpg
0,frame1560419344.jpg
0,frame1560419344.jpg
0,frame1560419344.jpg
0,frame1560419344.jpg
0,frame1560419344.jpg
0,frame1560419344.jpg
0,frame1560419344.jpg
0,frame1560419344.jpg
0,frame1560419344.jpg
0,frame1560419344.jpg
0,frame1560419344.jpg
0,frame1560419344.jpg
0,frame1560419344.jpg
0,frame1560419344.jpg
0,frame1560419344.jpg
0,frame1560419344.jpg
0,frame1560419344.jpg
0,frame1560419344.jpg
0,frame1560419344.jpg
0,frame1560419344.jpg
0,frame1560419344.jpg
0,frame1560419344.jpg
0,frame1560419344.jpg
0,frame1560419344.jpg
0,frame1560419345.jpg
0,frame1560419345.jpg
0,frame1560419345.jpg
0,frame1560419345.jpg
0,frame1560419345.jpg
0,frame1560419345.jpg
0,frame1560419345.jpg
0,frame1560419345.jpg
0,frame1560419345.jpg
0,frame1560419345.jpg
0,frame1560419345.jpg
0,frame1560419345.jpg
0,frame1560419345.jpg
0,frame1560419345.jpg
0,frame1560419345.jpg
0,frame1560419345.jpg
0,frame1560419345.jpg
0,frame1560419345.jpg
0,frame1560419345.jpg
0,frame1560419345.jpg
0,frame1560419345.jpg
0,frame1560419345.jpg
0,frame1560419345.jpg
0,frame1560419345.jpg
0,frame1560419345.jpg
0,frame1560419345.jpg
0,frame1560419345.jpg
0,frame1560419345.jpg
0,frame1560419345.jpg
0,frame1560419346.jpg
0,frame1560419346.jpg
0,frame1560419346.jpg
0,frame1560419346.jpg
0,frame1560419346.jpg
0,frame1560419346.jpg
0,frame1560419346.jpg
0,frame1560419346.jpg
0,frame1560419346.jpg
0,frame1560419346.jpg
0,frame1560419346.jpg
0,frame1560419346.jpg
0,frame1560419346.jpg
0,frame1560419346.jpg
0,frame1560419346.jpg
0,frame1560419346.jpg
0,frame1560419346.jpg
0,frame1560419346.jpg
0,frame1560419346.jpg
0,frame1560419346.jpg
0,frame1560419346.jpg
0,frame1560419346.jpg
0,frame1560419346.jpg
0,frame1560419346.jpg
0,frame1560419346.jpg
0,frame1560419346.jpg
0,frame1560419346.jpg
0,frame1560419346.jpg
0,frame1560419346.jpg
0,frame1560419346.jpg
0,frame1560419347.jpg
0,frame1560419347.jpg
0,frame1560419347.jpg
0,frame1560419347.jpg
0,frame1560419347.jpg
0,frame1560419347.jpg
0,frame1560419347.jpg
0,frame1560419347.jpg
0,frame1560419347.jpg
0,frame1560419347.jpg
0,frame1560419347.jpg
0,frame1560419347.jpg
0,frame1560419347.jpg
0,frame1560419347.jpg
0,frame1560419347.jpg
0,frame1560419347.jpg
0,frame1560419347.jpg
0,frame1560419347.jpg
0,frame1560419347.jpg
0,frame1560419347.jpg
0,frame1560419347.jpg
0,frame1560419347.jpg
0,frame1560419347.jpg
0,frame1560419347.jpg
0,frame1560419347.jpg
0,frame1560419347.jpg
0,frame1560419347.jpg
0,frame1560419347.jpg
0,frame1560419347.jpg
0,frame1560419347.jpg
0,frame1560419348.jpg
0,frame1560419348.jpg
0,frame1560419348.jpg
0,frame1560419348.jpg
0,frame1560419348.jpg
0,frame1560419348.jpg
0,frame1560419348.jpg
0,frame1560419348.jpg
0,frame1560419348.jpg
0,frame1560419348.jpg
0,frame1560419348.jpg
0,frame1560419348.jpg
0,frame1560419348.jpg
0,frame1560419348.jpg
0,frame1560419348.jpg
0,frame1560419348.jpg
0,frame1560419348.jpg
0,frame1560419348.jpg
0,frame1560419348.jpg
0,frame1560419348.jpg
0,frame1560419348.jpg
0,frame1560419348.jpg
0,frame1560419348.jpg
0,frame1560419348.jpg
0,frame1560419348.jpg
0,frame1560419348.jpg
0,frame1560419348.jpg
0,frame1560419348.jpg
0,frame1560419348.jpg
0,frame1560419348.jpg
0,frame1560419349.jpg
0,frame1560419349.jpg
0,frame1560419349.jpg
0,frame1560419349.jpg
0,frame1560419349.jpg
0,frame1560419349.jpg
0,frame1560419349.jpg
0,frame1560419349.jpg
0,frame1560419349.jpg
0,frame1560419349.jpg
0,frame1560419349.jpg
0,frame1560419349.jpg
0,frame1560419349.jpg
0,frame1560419349.jpg
0,frame1560419349.jpg
0,frame1560419349.jpg
0,frame1560419349.jpg
0,frame1560419349.jpg
0,frame1560419349.jpg
0,frame1560419349.jpg
0,frame1560419349.jpg
0,frame1560419349.jpg
0,frame1560419349.jpg
0,frame1560419349.jpg
0,frame1560419349.jpg
0,frame1560419349.jpg
0,frame1560419349.jpg
0,frame1560419349.jpg
0,frame1560419349.jpg
0,frame1560419350.jpg
0,frame1560419350.jpg
0,frame1560419350.jpg
0,frame1560419350.jpg
0,frame1560419350.jpg
0,frame1560419350.jpg
0,frame1560419350.jpg
0,frame1560419350.jpg
0,frame1560419350.jpg
0,frame1560419350.jpg
0,frame1560419350.jpg
0,frame1560419350.jpg
0,frame1560419350.jpg
0,frame1560419350.jpg
0,frame1560419350.jpg
0,frame1560419350.jpg
0,frame1560419350.jpg
0,frame1560419350.jpg
0,frame1560419350.jpg
0,frame1560419350.jpg
0,frame1560419350.jpg
0,frame1560419350.jpg
0,frame1560419350.jpg
0,frame1560419350.jpg
0,frame1560419350.jpg
0,frame1560419350.jpg
0,frame1560419350.jpg
0,frame1560419350.jpg
0,frame1560419350.jpg
0,frame1560419350.jpg
0,frame1560419351.jpg
0,frame1560419351.jpg
0,frame1560419351.jpg
0,frame1560419351.jpg
0,frame1560419351.jpg
0,frame1560419351.jpg
0,frame1560419351.jpg
0,frame1560419351.jpg
0,frame1560419351.jpg
0,frame1560419351.jpg
0,frame1560419351.jpg
0,frame1560419351.jpg
0,frame1560419351.jpg
0,frame1560419351.jpg
0,frame1560419351.jpg
0,frame1560419351.jpg
0,frame1560419351.jpg
0,frame1560419351.jpg
0,frame1560419351.jpg
0,frame1560419351.jpg
0,frame1560419351.jpg
0,frame1560419351.jpg
0,frame1560419351.jpg
0,frame1560419351.jpg
0,frame1560419351.jpg
0,frame1560419351.jpg
0,frame1560419351.jpg
0,frame1560419351.jpg
0,frame1560419351.jpg
0,frame1560419352.jpg
0,frame1560419352.jpg
0,frame1560419352.jpg
0,frame1560419352.jpg
0,frame1560419352.jpg
0,frame1560419352.jpg
0,frame1560419352.jpg
0,frame1560419352.jpg
0,frame1560419352.jpg
0,frame1560419352.jpg
0,frame1560419352.jpg
0,frame1560419352.jpg
0,frame1560419352.jpg
0,frame1560419352.jpg
3,frame1560419352.jpg
3,frame1560419352.jpg
3,frame1560419352.jpg
3,frame1560419352.jpg
3,frame1560419352.jpg
3,frame1560419352.jpg
3,frame1560419352.jpg
3,frame1560419352.jpg
3,frame1560419352.jpg
3,frame1560419352.jpg
3,frame1560419352.jpg
3,frame1560419352.jpg
3,frame1560419352.jpg
3,frame1560419352.jpg
3,frame1560419352.jpg
3,frame1560419352.jpg
3,frame1560419353.jpg
3,frame1560419353.jpg
3,frame1560419353.jpg
3,frame1560419353.jpg
3,frame1560419353.jpg
3,frame1560419353.jpg
3,frame1560419353.jpg
3,frame1560419353.jpg
3,frame1560419353.jpg
3,frame1560419353.jpg
3,frame1560419353.jpg
3,frame1560419353.jpg
3,frame1560419353.jpg
3,frame1560419353.jpg
3,frame1560419353.jpg
3,frame1560419353.jpg
3,frame1560419353.jpg
3,frame1560419353.jpg
3,frame1560419353.jpg
3,frame1560419353.jpg
3,frame1560419353.jpg
3,frame1560419353.jpg
3,frame1560419353.jpg
3,frame1560419353.jpg
3,frame1560419353.jpg
3,frame1560419353.jpg
3,frame1560419353.jpg
3,frame1560419353.jpg
3,frame1560419353.jpg
3,frame1560419353.jpg
3,frame1560419354.jpg
3,frame1560419354.jpg
3,frame1560419354.jpg
3,frame1560419354.jpg
3,frame1560419354.jpg
3,frame1560419354.jpg
3,frame1560419354.jpg
3,frame1560419354.jpg
3,frame1560419354.jpg
3,frame1560419354.jpg
3,frame1560419354.jpg
3,frame1560419354.jpg
3,frame1560419354.jpg
3,frame1560419354.jpg
3,frame1560419354.jpg
3,frame1560419354.jpg
3,frame1560419354.jpg
3,frame1560419354.jpg
3,frame1560419354.jpg
3,frame1560419354.jpg
3,frame1560419354.jpg
3,frame1560419354.jpg
3,frame1560419354.jpg
3,frame1560419354.jpg
3,frame1560419354.jpg
3,frame1560419354.jpg
3,frame1560419354.jpg
3,frame1560419354.jpg
3,frame1560419354.jpg
3,frame1560419355.jpg
3,frame1560419355.jpg
3,frame1560419355.jpg
3,frame1560419355.jpg
3,frame1560419355.jpg
3,frame1560419355.jpg
3,frame1560419355.jpg
3,frame1560419355.jpg
3,frame1560419355.jpg
3,frame1560419355.jpg
3,frame1560419355.jpg
3,frame1560419355.jpg
3,frame1560419355.jpg
3,frame1560419355.jpg
3,frame1560419355.jpg
3,frame1560419355.jpg
3,frame1560419355.jpg
3,frame1560419355.jpg
3,frame1560419355.jpg
3,frame1560419355.jpg
3,frame1560419355.jpg
3,frame1560419355.jpg
3,frame1560419355.jpg
3,frame1560419355.jpg
3,frame1560419355.jpg
3,frame1560419355.jpg
3,frame1560419355.jpg
3,frame1560419355.jpg
3,frame1560419355.jpg
3,frame1560419356.jpg
3,frame1560419356.jpg
3,frame1560419356.jpg
3,frame1560419356.jpg
3,frame1560419356.jpg
3,frame1560419356.jpg
3,frame1560419356.jpg
3,frame1560419356.jpg
3,frame1560419356.jpg
3,frame1560419356.jpg
3,frame1560419356.jpg
3,frame1560419356.jpg
3,frame1560419356.jpg
3,frame1560419356.jpg
3,frame1560419356.jpg
3,frame1560419356.jpg
3,frame1560419356.jpg
3,frame1560419356.jpg
3,frame1560419356.jpg
3,frame1560419356.jpg
3,frame1560419356.jpg
3,frame1560419356.jpg
3,frame1560419356.jpg
3,frame1560419356.jpg
3,frame1560419356.jpg
3,frame1560419356.jpg
3,frame1560419356.jpg
3,frame1560419356.jpg
3,frame1560419356.jpg
3,frame1560419356.jpg
3,frame1560419357.jpg
3,frame1560419357.jpg
3,frame1560419357.jpg
3,frame1560419357.jpg
3,frame1560419357.jpg
3,frame1560419357.jpg
3,frame1560419357.jpg
3,frame1560419357.jpg
3,frame1560419357.jpg
3,frame1560419357.jpg
3,frame1560419357.jpg
3,frame1560419357.jpg
3,frame1560419357.jpg
3,frame1560419357.jpg
3,frame1560419357.jpg
3,frame1560419357.jpg
3,frame1560419357.jpg
3,frame1560419357.jpg
3,frame1560419357.jpg
3,frame1560419357.jpg
3,frame1560419357.jpg
3,frame1560419357.jpg
3,frame1560419357.jpg
3,frame1560419357.jpg
3,frame1560419357.jpg
3,frame1560419357.jpg
3,frame1560419357.jpg
3,frame1560419357.jpg
3,frame1560419357.jpg
3,frame1560419357.jpg
3,frame1560419358.jpg
3,frame1560419358.jpg
3,frame1560419358.jpg
3,frame1560419358.jpg
3,frame1560419358.jpg
3,frame1560419358.jpg
3,frame1560419358.jpg
3,frame1560419358.jpg
3,frame1560419358.jpg
3,frame1560419358.jpg
3,frame1560419358.jpg
3,frame1560419358.jpg
3,frame1560419358.jpg
3,frame1560419358.jpg
3,frame1560419358.jpg
3,frame1560419358.jpg
3,frame1560419358.jpg
3,frame1560419358.jpg
3,frame1560419358.jpg
3,frame1560419358.jpg
3,frame1560419358.jpg
3,frame1560419358.jpg
3,frame1560419358.jpg
3,frame1560419358.jpg
3,frame1560419358.jpg
3,frame1560419358.jpg
3,frame1560419358.jpg
3,frame1560419358.jpg
3,frame1560419358.jpg
3,frame1560419359.jpg
3,frame1560419359.jpg
3,frame1560419359.jpg
3,frame1560419359.jpg
3,frame1560419359.jpg
3,frame1560419359.jpg
3,frame1560419359.jpg
3,frame1560419359.jpg
3,frame1560419359.jpg
3,frame1560419359.jpg
3,frame1560419359.jpg
3,frame1560419359.jpg
3,frame1560419359.jpg
3,frame1560419359.jpg
3,frame1560419359.jpg
3,frame1560419359.jpg
3,frame1560419359.jpg
3,frame1560419359.jpg
3,frame1560419359.jpg
3,frame1560419359.jpg
3,frame1560419359.jpg
3,frame1560419359.jpg
3,frame1560419359.jpg
3,frame1560419359.jpg
3,frame1560419359.jpg
3,frame1560419359.jpg
3,frame1560419359.jpg
3,frame1560419359.jpg
3,frame1560419359.jpg
3,frame1560419360.jpg
3,frame1560419360.jpg
3,frame1560419360.jpg
3,frame1560419360.jpg
3,frame1560419360.jpg
3,frame1560419360.jpg
3,frame1560419360.jpg
3,frame1560419360.jpg
3,frame1560419360.jpg
3,frame1560419360.jpg
3,frame1560419360.jpg
3,frame1560419360.jpg
3,frame1560419360.jpg
3,frame1560419360.jpg
3,frame1560419360.jpg
3,frame1560419360.jpg
3,frame1560419360.jpg
3,frame1560419360.jpg
3,frame1560419360.jpg
3,frame1560419360.jpg
3,frame1560419360.jpg
3,frame1560419360.jpg
3,frame1560419360.jpg
3,frame1560419360.jpg
3,frame1560419360.jpg
3,frame1560419360.jpg
3,frame1560419360.jpg
3,frame1560419360.jpg
3,frame1560419360.jpg
3,frame1560419360.jpg
3,frame1560419361.jpg
3,frame1560419361.jpg
3,frame1560419361.jpg
3,frame1560419361.jpg
3,frame1560419361.jpg
3,frame1560419361.jpg
3,frame1560419361.jpg
3,frame1560419361.jpg
3,frame1560419361.jpg
3,frame1560419361.jpg
3,frame1560419361.jpg
3,frame1560419361.jpg
3,frame1560419361.jpg
3,frame1560419361.jpg
3,frame1560419361.jpg
3,frame1560419361.jpg
3,frame1560419361.jpg
3,frame1560419361.jpg
3,frame1560419361.jpg
3,frame1560419361.jpg
3,frame1560419361.jpg
3,frame1560419361.jpg
3,frame1560419361.jpg
3,frame1560419361.jpg
3,frame1560419361.jpg
3,frame1560419361.jpg
3,frame1560419361.jpg
3,frame1560419361.jpg
3,frame1560419361.jpg
3,frame1560419361.jpg
3,frame1560419362.jpg
3,frame1560419362.jpg
3,frame1560419362.jpg
3,frame1560419362.jpg
3,frame1560419362.jpg
3,frame1560419362.jpg
3,frame1560419362.jpg
3,frame1560419362.jpg
3,frame1560419362.jpg
3,frame1560419362.jpg
3,frame1560419362.jpg
3,frame1560419362.jpg
3,frame1560419362.jpg
3,frame1560419362.jpg
3,frame1560419362.jpg
3,frame1560419362.jpg
3,frame1560419362.jpg
3,frame1560419362.jpg
3,frame1560419362.jpg
3,frame1560419362.jpg
3,frame1560419362.jpg
3,frame1560419362.jpg
3,frame1560419362.jpg
3,frame1560419362.jpg
3,frame1560419362.jpg
3,frame1560419362.jpg
3,frame1560419362.jpg
3,frame1560419362.jpg
3,frame1560419362.jpg
3,frame1560419363.jpg
3,frame1560419363.jpg
3,frame1560419363.jpg
3,frame1560419363.jpg
3,frame1560419363.jpg
0,frame1560419363.jpg
0,frame1560419363.jpg
0,frame1560419363.jpg
0,frame1560419363.jpg
0,frame1560419363.jpg
0,frame1560419363.jpg
0,frame1560419363.jpg
0,frame1560419363.jpg
0,frame1560419363.jpg
0,frame1560419363.jpg
0,frame1560419363.jpg
0,frame1560419363.jpg
0,frame1560419363.jpg
0,frame1560419363.jpg
0,frame1560419363.jpg
0,frame1560419363.jpg
0,frame1560419363.jpg
0,frame1560419363.jpg
0,frame1560419363.jpg
0,frame1560419363.jpg
0,frame1560419363.jpg
0,frame1560419363.jpg
0,frame1560419363.jpg
0,frame1560419363.jpg
0,frame1560419364.jpg
0,frame1560419364.jpg
0,frame1560419364.jpg
0,frame1560419364.jpg
0,frame1560419364.jpg
0,frame1560419364.jpg
0,frame1560419364.jpg
0,frame1560419364.jpg
0,frame1560419364.jpg
0,frame1560419364.jpg
0,frame1560419364.jpg
0,frame1560419364.jpg
0,frame1560419364.jpg
0,frame1560419364.jpg
0,frame1560419364.jpg
0,frame1560419364.jpg
0,frame1560419364.jpg
0,frame1560419364.jpg
0,frame1560419364.jpg
0,frame1560419364.jpg
0,frame1560419364.jpg
0,frame1560419364.jpg
0,frame1560419364.jpg
0,frame1560419364.jpg
0,frame1560419364.jpg
0,frame1560419364.jpg
0,frame1560419364.jpg
0,frame1560419364.jpg
0,frame1560419364.jpg
0,frame1560419364.jpg
0,frame1560419365.jpg
0,frame1560419365.jpg
0,frame1560419365.jpg
0,frame1560419365.jpg
0,frame1560419365.jpg
0,frame1560419365.jpg
0,frame1560419365.jpg
0,frame1560419365.jpg
0,frame1560419365.jpg
0,frame1560419365.jpg
0,frame1560419365.jpg
0,frame1560419365.jpg
0,frame1560419365.jpg
0,frame1560419365.jpg
0,frame1560419365.jpg
0,frame1560419365.jpg
0,frame1560419365.jpg
0,frame1560419365.jpg
0,frame1560419365.jpg
0,frame1560419365.jpg
0,frame1560419365.jpg
0,frame1560419365.jpg
0,frame1560419365.jpg
0,frame1560419365.jpg
0,frame1560419365.jpg
0,frame1560419365.jpg
0,frame1560419365.jpg
0,frame1560419365.jpg
0,frame1560419365.jpg
0,frame1560419365.jpg
0,frame1560419366.jpg
0,frame1560419366.jpg
0,frame1560419366.jpg
0,frame1560419366.jpg
0,frame1560419366.jpg
0,frame1560419366.jpg
0,frame1560419366.jpg
0,frame1560419366.jpg
0,frame1560419366.jpg
0,frame1560419366.jpg
0,frame1560419366.jpg
0,frame1560419366.jpg
0,frame1560419366.jpg
0,frame1560419366.jpg
0,frame1560419366.jpg
0,frame1560419366.jpg
0,frame1560419366.jpg
0,frame1560419366.jpg
0,frame1560419366.jpg
0,frame1560419366.jpg
0,frame1560419366.jpg
0,frame1560419366.jpg
0,frame1560419366.jpg
0,frame1560419366.jpg
0,frame1560419366.jpg
0,frame1560419366.jpg
0,frame1560419366.jpg
0,frame1560419366.jpg
0,frame1560419366.jpg
0,frame1560419366.jpg
0,frame1560419367.jpg
0,frame1560419367.jpg
0,frame1560419367.jpg
0,frame1560419367.jpg
0,frame1560419367.jpg
0,frame1560419367.jpg
0,frame1560419367.jpg
0,frame1560419367.jpg
0,frame1560419367.jpg
0,frame1560419367.jpg
0,frame1560419367.jpg
0,frame1560419367.jpg
0,frame1560419367.jpg
0,frame1560419367.jpg
0,frame1560419367.jpg
0,frame1560419367.jpg
0,frame1560419367.jpg
0,frame1560419367.jpg
0,frame1560419367.jpg
0,frame1560419367.jpg
0,frame1560419367.jpg
0,frame1560419367.jpg
0,frame1560419367.jpg
0,frame1560419367.jpg
0,frame1560419367.jpg
0,frame1560419367.jpg
0,frame1560419367.jpg
0,frame1560419367.jpg
0,frame1560419367.jpg
0,frame1560419367.jpg
0,frame1560419368.jpg
0,frame1560419368.jpg
0,frame1560419368.jpg
0,frame1560419368.jpg
0,frame1560419368.jpg
0,frame1560419368.jpg
0,frame1560419368.jpg
0,frame1560419368.jpg
0,frame1560419368.jpg
0,frame1560419368.jpg
0,frame1560419368.jpg
0,frame1560419368.jpg
0,frame1560419368.jpg
0,frame1560419368.jpg
0,frame1560419368.jpg
0,frame1560419368.jpg
0,frame1560419368.jpg
0,frame1560419368.jpg
0,frame1560419368.jpg
0,frame1560419368.jpg
0,frame1560419368.jpg
0,frame1560419368.jpg
0,frame1560419368.jpg
0,frame1560419368.jpg
0,frame1560419368.jpg
0,frame1560419368.jpg
0,frame1560419368.jpg
0,frame1560419368.jpg
0,frame1560419368.jpg
0,frame1560419369.jpg
0,frame1560419369.jpg
0,frame1560419369.jpg
0,frame1560419369.jpg
0,frame1560419369.jpg
0,frame1560419369.jpg
0,frame1560419369.jpg
0,frame1560419369.jpg
0,frame1560419369.jpg
0,frame1560419369.jpg
0,frame1560419369.jpg
0,frame1560419369.jpg
0,frame1560419369.jpg
0,frame1560419369.jpg
0,frame1560419369.jpg
0,frame1560419369.jpg
0,frame1560419369.jpg
0,frame1560419369.jpg
0,frame1560419369.jpg
0,frame1560419369.jpg
0,frame1560419369.jpg
0,frame1560419369.jpg
0,frame1560419369.jpg
0,frame1560419369.jpg
0,frame1560419369.jpg
0,frame1560419369.jpg
0,frame1560419369.jpg
0,frame1560419369.jpg
0,frame1560419369.jpg
0,frame1560419370.jpg
0,frame1560419370.jpg
0,frame1560419370.jpg
0,frame1560419370.jpg
0,frame1560419370.jpg
0,frame1560419370.jpg
0,frame1560419370.jpg
0,frame1560419370.jpg
0,frame1560419370.jpg
0,frame1560419370.jpg
0,frame1560419370.jpg
0,frame1560419370.jpg
0,frame1560419370.jpg
0,frame1560419370.jpg
0,frame1560419370.jpg
0,frame1560419370.jpg
0,frame1560419370.jpg
0,frame1560419370.jpg
0,frame1560419370.jpg
0,frame1560419370.jpg
0,frame1560419370.jpg
0,frame1560419370.jpg
0,frame1560419370.jpg
0,frame1560419370.jpg
0,frame1560419370.jpg
0,frame1560419370.jpg
0,frame1560419370.jpg
0,frame1560419370.jpg
0,frame1560419370.jpg
0,frame1560419370.jpg
0,frame1560419371.jpg
0,frame1560419371.jpg
0,frame1560419371.jpg
0,frame1560419371.jpg
0,frame1560419371.jpg
0,frame1560419371.jpg
0,frame1560419371.jpg
0,frame1560419371.jpg
0,frame1560419371.jpg
0,frame1560419371.jpg
0,frame1560419371.jpg
0,frame1560419371.jpg
0,frame1560419371.jpg
0,frame1560419371.jpg
0,frame1560419371.jpg
0,frame1560419371.jpg
0,frame1560419371.jpg
0,frame1560419371.jpg
0,frame1560419371.jpg
0,frame1560419371.jpg
0,frame1560419371.jpg
0,frame1560419371.jpg
0,frame1560419371.jpg
0,frame1560419371.jpg
0,frame1560419371.jpg
0,frame1560419371.jpg
0,frame1560419371.jpg
0,frame1560419371.jpg
0,frame1560419371.jpg
0,frame1560419371.jpg
0,frame1560419372.jpg
0,frame1560419372.jpg
0,frame1560419372.jpg
0,frame1560419372.jpg
0,frame1560419372.jpg
0,frame1560419372.jpg
0,frame1560419372.jpg
0,frame1560419372.jpg
0,frame1560419372.jpg
0,frame1560419372.jpg
0,frame1560419372.jpg
0,frame1560419372.jpg
0,frame1560419373.jpg
0,frame1560419373.jpg
0,frame1560419373.jpg
0,frame1560419373.jpg
0,frame1560419373.jpg
0,frame1560419373.jpg
0,frame1560419373.jpg
0,frame1560419373.jpg
0,frame1560419373.jpg
0,frame1560419373.jpg
0,frame1560419373.jpg
0,frame1560419373.jpg
0,frame1560419373.jpg
0,frame1560419373.jpg
0,frame1560419373.jpg
0,frame1560419373.jpg
0,frame1560419373.jpg
0,frame1560419373.jpg
0,frame1560419373.jpg
0,frame1560419373.jpg
0,frame1560419373.jpg
0,frame1560419373.jpg
0,frame1560419373.jpg
0,frame1560419373.jpg
0,frame1560419373.jpg
0,frame1560419373.jpg
0,frame1560419373.jpg
0,frame1560419374.jpg
0,frame1560419374.jpg
0,frame1560419374.jpg
0,frame1560419374.jpg
0,frame1560419374.jpg
0,frame1560419374.jpg
0,frame1560419374.jpg
0,frame1560419374.jpg
0,frame1560419374.jpg
0,frame1560419374.jpg
0,frame1560419374.jpg
0,frame1560419374.jpg
0,frame1560419374.jpg
0,frame1560419374.jpg
3,frame1560419374.jpg
3,frame1560419375.jpg
3,frame1560419375.jpg
3,frame1560419375.jpg
3,frame1560419375.jpg
3,frame1560419375.jpg
3,frame1560419375.jpg
3,frame1560419375.jpg
3,frame1560419375.jpg
3,frame1560419375.jpg
3,frame1560419375.jpg
3,frame1560419375.jpg
3,frame1560419375.jpg
3,frame1560419375.jpg
3,frame1560419375.jpg
3,frame1560419375.jpg
3,frame1560419375.jpg
3,frame1560419375.jpg
3,frame1560419375.jpg
3,frame1560419375.jpg
3,frame1560419375.jpg
3,frame1560419375.jpg
3,frame1560419375.jpg
3,frame1560419375.jpg
3,frame1560419375.jpg
3,frame1560419375.jpg
3,frame1560419375.jpg
3,frame1560419376.jpg
3,frame1560419376.jpg
3,frame1560419376.jpg
3,frame1560419376.jpg
3,frame1560419376.jpg
3,frame1560419376.jpg
3,frame1560419376.jpg
3,frame1560419376.jpg
3,frame1560419376.jpg
3,frame1560419376.jpg
3,frame1560419376.jpg
3,frame1560419376.jpg
3,frame1560419376.jpg
3,frame1560419376.jpg
3,frame1560419376.jpg
3,frame1560419376.jpg
3,frame1560419376.jpg
3,frame1560419376.jpg
3,frame1560419376.jpg
3,frame1560419376.jpg
3,frame1560419376.jpg
3,frame1560419376.jpg
3,frame1560419376.jpg
3,frame1560419376.jpg
3,frame1560419376.jpg
3,frame1560419376.jpg
3,frame1560419376.jpg
3,frame1560419376.jpg
3,frame1560419376.jpg
3,frame1560419376.jpg
3,frame1560419377.jpg
3,frame1560419377.jpg
3,frame1560419377.jpg
3,frame1560419377.jpg
3,frame1560419377.jpg
3,frame1560419377.jpg
3,frame1560419377.jpg
3,frame1560419377.jpg
3,frame1560419377.jpg
3,frame1560419377.jpg
3,frame1560419377.jpg
3,frame1560419377.jpg
3,frame1560419377.jpg
3,frame1560419377.jpg
3,frame1560419377.jpg
3,frame1560419377.jpg
3,frame1560419377.jpg
3,frame1560419377.jpg
3,frame1560419377.jpg
3,frame1560419377.jpg
3,frame1560419377.jpg
3,frame1560419377.jpg
3,frame1560419377.jpg
3,frame1560419377.jpg
3,frame1560419377.jpg
3,frame1560419377.jpg
3,frame1560419377.jpg
3,frame1560419377.jpg
3,frame1560419377.jpg
3,frame1560419377.jpg
3,frame1560419378.jpg
3,frame1560419378.jpg
3,frame1560419378.jpg
3,frame1560419378.jpg
3,frame1560419378.jpg
3,frame1560419378.jpg
3,frame1560419378.jpg
3,frame1560419378.jpg
3,frame1560419378.jpg
3,frame1560419378.jpg
3,frame1560419378.jpg
3,frame1560419378.jpg
3,frame1560419378.jpg
3,frame1560419378.jpg
3,frame1560419378.jpg
3,frame1560419378.jpg
3,frame1560419378.jpg
3,frame1560419378.jpg
3,frame1560419378.jpg
3,frame1560419378.jpg
3,frame1560419378.jpg
3,frame1560419378.jpg
3,frame1560419378.jpg
3,frame1560419378.jpg
3,frame1560419378.jpg
3,frame1560419378.jpg
3,frame1560419378.jpg
3,frame1560419378.jpg
3,frame1560419379.jpg
3,frame1560419379.jpg
3,frame1560419379.jpg
3,frame1560419379.jpg
3,frame1560419379.jpg
3,frame1560419379.jpg
3,frame1560419379.jpg
3,frame1560419379.jpg
3,frame1560419379.jpg
3,frame1560419379.jpg
3,frame1560419379.jpg
3,frame1560419379.jpg
3,frame1560419379.jpg
3,frame1560419379.jpg
3,frame1560419379.jpg
3,frame1560419379.jpg
3,frame1560419379.jpg
3,frame1560419379.jpg
3,frame1560419379.jpg
3,frame1560419379.jpg
3,frame1560419379.jpg
3,frame1560419379.jpg
3,frame1560419379.jpg
3,frame1560419379.jpg
3,frame1560419379.jpg
3,frame1560419379.jpg
3,frame1560419379.jpg
3,frame1560419379.jpg
3,frame1560419379.jpg
3,frame1560419379.jpg
3,frame1560419380.jpg
3,frame1560419380.jpg
3,frame1560419380.jpg
3,frame1560419380.jpg
3,frame1560419380.jpg
3,frame1560419380.jpg
3,frame1560419380.jpg
3,frame1560419380.jpg
3,frame1560419380.jpg
3,frame1560419380.jpg
3,frame1560419380.jpg
3,frame1560419380.jpg
3,frame1560419380.jpg
3,frame1560419380.jpg
3,frame1560419380.jpg
3,frame1560419380.jpg
3,frame1560419380.jpg
3,frame1560419380.jpg
3,frame1560419380.jpg
3,frame1560419380.jpg
3,frame1560419380.jpg
3,frame1560419380.jpg
3,frame1560419380.jpg
3,frame1560419380.jpg
3,frame1560419380.jpg
3,frame1560419380.jpg
3,frame1560419380.jpg
3,frame1560419380.jpg
3,frame1560419380.jpg
3,frame1560419380.jpg
3,frame1560419381.jpg
3,frame1560419381.jpg
3,frame1560419381.jpg
3,frame1560419381.jpg
3,frame1560419381.jpg
3,frame1560419381.jpg
3,frame1560419381.jpg
3,frame1560419381.jpg
0,frame1560419381.jpg
0,frame1560419381.jpg
0,frame1560419381.jpg
0,frame1560419381.jpg
0,frame1560419381.jpg
0,frame1560419381.jpg
0,frame1560419381.jpg
0,frame1560419381.jpg
0,frame1560419381.jpg
0,frame1560419381.jpg
0,frame1560419381.jpg
0,frame1560419381.jpg
0,frame1560419381.jpg
0,frame1560419381.jpg
0,frame1560419381.jpg
0,frame1560419381.jpg
0,frame1560419381.jpg
0,frame1560419381.jpg
0,frame1560419381.jpg
0,frame1560419381.jpg
0,frame1560419381.jpg
0,frame1560419382.jpg
0,frame1560419382.jpg
0,frame1560419382.jpg
0,frame1560419382.jpg
0,frame1560419382.jpg
0,frame1560419382.jpg
0,frame1560419382.jpg
0,frame1560419382.jpg
0,frame1560419382.jpg
0,frame1560419382.jpg
0,frame1560419382.jpg
0,frame1560419382.jpg
0,frame1560419382.jpg
0,frame1560419382.jpg
0,frame1560419382.jpg
0,frame1560419382.jpg
0,frame1560419382.jpg
0,frame1560419382.jpg
0,frame1560419382.jpg
0,frame1560419382.jpg
0,frame1560419382.jpg
0,frame1560419382.jpg
0,frame1560419382.jpg
0,frame1560419382.jpg
0,frame1560419382.jpg
0,frame1560419382.jpg
0,frame1560419382.jpg
0,frame1560419382.jpg
0,frame1560419382.jpg
0,frame1560419382.jpg
0,frame1560419383.jpg
0,frame1560419383.jpg
0,frame1560419383.jpg
0,frame1560419383.jpg
0,frame1560419383.jpg
0,frame1560419383.jpg
0,frame1560419383.jpg
0,frame1560419383.jpg
0,frame1560419383.jpg
0,frame1560419383.jpg
0,frame1560419383.jpg
0,frame1560419383.jpg
0,frame1560419383.jpg
0,frame1560419383.jpg
0,frame1560419383.jpg
0,frame1560419383.jpg
0,frame1560419383.jpg
0,frame1560419383.jpg
0,frame1560419383.jpg
0,frame1560419383.jpg
0,frame1560419383.jpg
0,frame1560419383.jpg
0,frame1560419383.jpg
0,frame1560419383.jpg
0,frame1560419383.jpg
0,frame1560419383.jpg
0,frame1560419383.jpg
0,frame1560419383.jpg
0,frame1560419383.jpg
0,frame1560419384.jpg
0,frame1560419384.jpg
0,frame1560419384.jpg
0,frame1560419384.jpg
0,frame1560419384.jpg
0,frame1560419384.jpg
0,frame1560419384.jpg
0,frame1560419384.jpg
0,frame1560419384.jpg
0,frame1560419384.jpg
0,frame1560419384.jpg
0,frame1560419384.jpg
0,frame1560419384.jpg
0,frame1560419384.jpg
0,frame1560419384.jpg
0,frame1560419384.jpg
0,frame1560419384.jpg
0,frame1560419384.jpg
0,frame1560419384.jpg
0,frame1560419384.jpg
0,frame1560419384.jpg
0,frame1560419384.jpg
0,frame1560419384.jpg
0,frame1560419384.jpg
0,frame1560419384.jpg
0,frame1560419384.jpg
0,frame1560419384.jpg
0,frame1560419384.jpg
0,frame1560419385.jpg
0,frame1560419385.jpg
0,frame1560419385.jpg
0,frame1560419385.jpg
0,frame1560419385.jpg
0,frame1560419385.jpg
0,frame1560419385.jpg
0,frame1560419385.jpg
0,frame1560419385.jpg
0,frame1560419385.jpg
0,frame1560419385.jpg
0,frame1560419385.jpg
0,frame1560419385.jpg
0,frame1560419385.jpg
0,frame1560419385.jpg
0,frame1560419385.jpg
0,frame1560419385.jpg
0,frame1560419385.jpg
0,frame1560419385.jpg
0,frame1560419385.jpg
0,frame1560419385.jpg
0,frame1560419385.jpg
0,frame1560419385.jpg
0,frame1560419385.jpg
0,frame1560419385.jpg
0,frame1560419385.jpg
0,frame1560419385.jpg
0,frame1560419385.jpg
0,frame1560419385.jpg
0,frame1560419385.jpg
0,frame1560419386.jpg
0,frame1560419386.jpg
0,frame1560419386.jpg
0,frame1560419386.jpg
0,frame1560419386.jpg
0,frame1560419386.jpg
0,frame1560419386.jpg
0,frame1560419386.jpg
0,frame1560419386.jpg
0,frame1560419386.jpg
0,frame1560419386.jpg
0,frame1560419386.jpg
0,frame1560419386.jpg
0,frame1560419386.jpg
0,frame1560419386.jpg
0,frame1560419386.jpg
0,frame1560419386.jpg
0,frame1560419386.jpg
0,frame1560419386.jpg
0,frame1560419386.jpg
0,frame1560419386.jpg
0,frame1560419386.jpg
0,frame1560419386.jpg
0,frame1560419386.jpg
0,frame1560419386.jpg
0,frame1560419386.jpg
0,frame1560419386.jpg
0,frame1560419386.jpg
0,frame1560419386.jpg
0,frame1560419386.jpg
0,frame1560419387.jpg
0,frame1560419387.jpg
0,frame1560419387.jpg
0,frame1560419387.jpg
0,frame1560419387.jpg
0,frame1560419387.jpg
0,frame1560419387.jpg
0,frame1560419387.jpg
0,frame1560419387.jpg
0,frame1560419387.jpg
0,frame1560419387.jpg
0,frame1560419387.jpg
0,frame1560419387.jpg
0,frame1560419387.jpg
0,frame1560419387.jpg
0,frame1560419387.jpg
0,frame1560419387.jpg
0,frame1560419387.jpg
0,frame1560419387.jpg
0,frame1560419387.jpg
0,frame1560419387.jpg
0,frame1560419387.jpg
0,frame1560419387.jpg
0,frame1560419387.jpg
0,frame1560419387.jpg
0,frame1560419387.jpg
0,frame1560419387.jpg
0,frame1560419387.jpg
0,frame1560419387.jpg
0,frame1560419387.jpg
0,frame1560419388.jpg
0,frame1560419388.jpg
0,frame1560419388.jpg
0,frame1560419388.jpg
0,frame1560419388.jpg
0,frame1560419388.jpg
0,frame1560419388.jpg
0,frame1560419388.jpg
0,frame1560419388.jpg
0,frame1560419388.jpg
0,frame1560419388.jpg
0,frame1560419388.jpg
0,frame1560419388.jpg
0,frame1560419388.jpg
0,frame1560419388.jpg
0,frame1560419388.jpg
0,frame1560419389.jpg
0,frame1560419389.jpg
0,frame1560419389.jpg
0,frame1560419389.jpg
0,frame1560419389.jpg
0,frame1560419390.jpg
0,frame1560419390.jpg
0,frame1560419390.jpg
0,frame1560419390.jpg
0,frame1560419390.jpg
0,frame1560419390.jpg
0,frame1560419390.jpg
0,frame1560419390.jpg
0,frame1560419390.jpg
0,frame1560419390.jpg
0,frame1560419390.jpg
0,frame1560419391.jpg
0,frame1560419391.jpg
0,frame1560419391.jpg
0,frame1560419391.jpg
0,frame1560419391.jpg
0,frame1560419391.jpg
0,frame1560419391.jpg
0,frame1560419391.jpg
0,frame1560419391.jpg
0,frame1560419391.jpg
0,frame1560419391.jpg
0,frame1560419391.jpg
0,frame1560419391.jpg
0,frame1560419391.jpg
0,frame1560419391.jpg
0,frame1560419391.jpg
0,frame1560419391.jpg
0,frame1560419391.jpg
0,frame1560419391.jpg
0,frame1560419391.jpg
0,frame1560419391.jpg
0,frame1560419391.jpg
0,frame1560419391.jpg
0,frame1560419391.jpg
0,frame1560419391.jpg
0,frame1560419391.jpg
0,frame1560419391.jpg
0,frame1560419391.jpg
0,frame1560419391.jpg
0,frame1560419391.jpg
0,frame1560419391.jpg
0,frame1560419391.jpg
0,frame1560419392.jpg
0,frame1560419392.jpg
0,frame1560419392.jpg
0,frame1560419392.jpg
0,frame1560419392.jpg
0,frame1560419392.jpg
0,frame1560419392.jpg
0,frame1560419392.jpg
0,frame1560419392.jpg
0,frame1560419392.jpg
0,frame1560419392.jpg
0,frame1560419392.jpg
0,frame1560419392.jpg
0,frame1560419392.jpg
0,frame1560419392.jpg
0,frame1560419392.jpg
0,frame1560419392.jpg
0,frame1560419392.jpg
0,frame1560419392.jpg
0,frame1560419392.jpg
0,frame1560419392.jpg
0,frame1560419392.jpg
0,frame1560419392.jpg
0,frame1560419392.jpg
0,frame1560419392.jpg
0,frame1560419392.jpg
0,frame1560419392.jpg
0,frame1560419392.jpg
0,frame1560419392.jpg
0,frame1560419393.jpg
0,frame1560419393.jpg
0,frame1560419393.jpg
0,frame1560419393.jpg
0,frame1560419393.jpg
0,frame1560419393.jpg
0,frame1560419393.jpg
0,frame1560419393.jpg
0,frame1560419393.jpg
0,frame1560419393.jpg
0,frame1560419393.jpg
0,frame1560419393.jpg
0,frame1560419393.jpg
0,frame1560419393.jpg
0,frame1560419393.jpg
0,frame1560419393.jpg
0,frame1560419393.jpg
0,frame1560419393.jpg
0,frame1560419393.jpg
0,frame1560419393.jpg
0,frame1560419393.jpg
0,frame1560419393.jpg
0,frame1560419393.jpg
0,frame1560419393.jpg
0,frame1560419393.jpg
0,frame1560419393.jpg
0,frame1560419393.jpg
0,frame1560419393.jpg
0,frame1560419393.jpg
0,frame1560419394.jpg
0,frame1560419394.jpg
0,frame1560419394.jpg
0,frame1560419394.jpg
0,frame1560419394.jpg
0,frame1560419394.jpg
0,frame1560419394.jpg
0,frame1560419394.jpg
0,frame1560419394.jpg
0,frame1560419394.jpg
0,frame1560419394.jpg
2,frame1560419394.jpg
2,frame1560419394.jpg
2,frame1560419394.jpg
2,frame1560419394.jpg
2,frame1560419394.jpg
2,frame1560419394.jpg
2,frame1560419394.jpg
2,frame1560419394.jpg
2,frame1560419394.jpg
2,frame1560419394.jpg
2,frame1560419394.jpg
2,frame1560419394.jpg
2,frame1560419394.jpg
2,frame1560419394.jpg
2,frame1560419394.jpg
2,frame1560419394.jpg
2,frame1560419394.jpg
2,frame1560419394.jpg
2,frame1560419394.jpg
2,frame1560419395.jpg
2,frame1560419395.jpg
2,frame1560419395.jpg
2,frame1560419395.jpg
2,frame1560419395.jpg
2,frame1560419395.jpg
2,frame1560419395.jpg
2,frame1560419395.jpg
2,frame1560419395.jpg
2,frame1560419395.jpg
2,frame1560419395.jpg
2,frame1560419395.jpg
2,frame1560419395.jpg
2,frame1560419395.jpg
2,frame1560419395.jpg
2,frame1560419395.jpg
2,frame1560419395.jpg
2,frame1560419395.jpg
2,frame1560419395.jpg
2,frame1560419395.jpg
2,frame1560419395.jpg
2,frame1560419395.jpg
2,frame1560419395.jpg
2,frame1560419395.jpg
2,frame1560419395.jpg
2,frame1560419395.jpg
2,frame1560419395.jpg
2,frame1560419395.jpg
2,frame1560419395.jpg
2,frame1560419396.jpg
2,frame1560419396.jpg
2,frame1560419396.jpg
2,frame1560419396.jpg
2,frame1560419396.jpg
2,frame1560419396.jpg
2,frame1560419396.jpg
2,frame1560419396.jpg
2,frame1560419396.jpg
2,frame1560419396.jpg
2,frame1560419396.jpg
2,frame1560419396.jpg
2,frame1560419396.jpg
2,frame1560419396.jpg
2,frame1560419396.jpg
2,frame1560419396.jpg
2,frame1560419396.jpg
2,frame1560419396.jpg
2,frame1560419396.jpg
2,frame1560419396.jpg
2,frame1560419396.jpg
2,frame1560419396.jpg
2,frame1560419396.jpg
2,frame1560419396.jpg
2,frame1560419396.jpg
2,frame1560419396.jpg
2,frame1560419396.jpg
2,frame1560419396.jpg
2,frame1560419396.jpg
2,frame1560419396.jpg
2,frame1560419397.jpg
2,frame1560419397.jpg
2,frame1560419397.jpg
2,frame1560419397.jpg
2,frame1560419397.jpg
2,frame1560419397.jpg
2,frame1560419397.jpg
2,frame1560419397.jpg
2,frame1560419397.jpg
2,frame1560419397.jpg
2,frame1560419397.jpg
2,frame1560419397.jpg
2,frame1560419397.jpg
2,frame1560419397.jpg
2,frame1560419397.jpg
2,frame1560419397.jpg
2,frame1560419397.jpg
2,frame1560419397.jpg
2,frame1560419397.jpg
2,frame1560419397.jpg
2,frame1560419397.jpg
2,frame1560419397.jpg
2,frame1560419397.jpg
2,frame1560419397.jpg
2,frame1560419397.jpg
2,frame1560419397.jpg
2,frame1560419397.jpg
2,frame1560419397.jpg
2,frame1560419397.jpg
2,frame1560419398.jpg
2,frame1560419398.jpg
2,frame1560419398.jpg
2,frame1560419398.jpg
2,frame1560419398.jpg
2,frame1560419398.jpg
2,frame1560419398.jpg
2,frame1560419398.jpg
2,frame1560419398.jpg
2,frame1560419398.jpg
2,frame1560419398.jpg
2,frame1560419398.jpg
2,frame1560419398.jpg
2,frame1560419398.jpg
2,frame1560419398.jpg
2,frame1560419398.jpg
2,frame1560419398.jpg
2,frame1560419398.jpg
2,frame1560419398.jpg
2,frame1560419398.jpg
2,frame1560419398.jpg
2,frame1560419398.jpg
2,frame1560419398.jpg
2,frame1560419398.jpg
2,frame1560419398.jpg
2,frame1560419398.jpg
2,frame1560419398.jpg
2,frame1560419398.jpg
2,frame1560419398.jpg
2,frame1560419398.jpg
2,frame1560419399.jpg
2,frame1560419399.jpg
2,frame1560419399.jpg
2,frame1560419399.jpg
2,frame1560419399.jpg
2,frame1560419399.jpg
2,frame1560419399.jpg
2,frame1560419399.jpg
2,frame1560419399.jpg
2,frame1560419399.jpg
2,frame1560419399.jpg
2,frame1560419399.jpg
2,frame1560419399.jpg
2,frame1560419399.jpg
2,frame1560419399.jpg
2,frame1560419399.jpg
2,frame1560419399.jpg
2,frame1560419399.jpg
2,frame1560419399.jpg
2,frame1560419399.jpg
2,frame1560419399.jpg
2,frame1560419399.jpg
2,frame1560419399.jpg
2,frame1560419399.jpg
2,frame1560419399.jpg
2,frame1560419399.jpg
2,frame1560419399.jpg
2,frame1560419399.jpg
2,frame1560419399.jpg
2,frame1560419399.jpg
2,frame1560419400.jpg
2,frame1560419400.jpg
2,frame1560419400.jpg
2,frame1560419400.jpg
2,frame1560419400.jpg
2,frame1560419400.jpg
2,frame1560419400.jpg
2,frame1560419400.jpg
2,frame1560419400.jpg
2,frame1560419400.jpg
2,frame1560419400.jpg
2,frame1560419400.jpg
2,frame1560419400.jpg
2,frame1560419400.jpg
2,frame1560419400.jpg
2,frame1560419400.jpg
2,frame1560419400.jpg
2,frame1560419400.jpg
2,frame1560419400.jpg
2,frame1560419400.jpg
2,frame1560419400.jpg
2,frame1560419400.jpg
2,frame1560419400.jpg
2,frame1560419400.jpg
2,frame1560419400.jpg
2,frame1560419400.jpg
2,frame1560419400.jpg
2,frame1560419400.jpg
2,frame1560419400.jpg
2,frame1560419400.jpg
2,frame1560419401.jpg
2,frame1560419401.jpg
2,frame1560419401.jpg
2,frame1560419401.jpg
2,frame1560419401.jpg
2,frame1560419401.jpg
2,frame1560419401.jpg
2,frame1560419401.jpg
2,frame1560419401.jpg
2,frame1560419401.jpg
2,frame1560419401.jpg
2,frame1560419401.jpg
2,frame1560419401.jpg
2,frame1560419401.jpg
2,frame1560419401.jpg
2,frame1560419401.jpg
2,frame1560419401.jpg
2,frame1560419401.jpg
2,frame1560419401.jpg
2,frame1560419401.jpg
2,frame1560419401.jpg
2,frame1560419401.jpg
2,frame1560419401.jpg
2,frame1560419401.jpg
2,frame1560419401.jpg
2,frame1560419401.jpg
2,frame1560419401.jpg
2,frame1560419401.jpg
2,frame1560419401.jpg
2,frame1560419401.jpg
2,frame1560419402.jpg
2,frame1560419402.jpg
2,frame1560419402.jpg
2,frame1560419402.jpg
2,frame1560419402.jpg
2,frame1560419402.jpg
2,frame1560419402.jpg
2,frame1560419402.jpg
2,frame1560419402.jpg
2,frame1560419402.jpg
2,frame1560419402.jpg
2,frame1560419402.jpg
2,frame1560419402.jpg
2,frame1560419402.jpg
2,frame1560419402.jpg
2,frame1560419402.jpg
2,frame1560419402.jpg
2,frame1560419402.jpg
2,frame1560419402.jpg
2,frame1560419402.jpg
2,frame1560419402.jpg
2,frame1560419402.jpg
2,frame1560419402.jpg
2,frame1560419402.jpg
2,frame1560419402.jpg
2,frame1560419402.jpg
2,frame1560419402.jpg
2,frame1560419402.jpg
2,frame1560419403.jpg
2,frame1560419403.jpg
2,frame1560419403.jpg
2,frame1560419403.jpg
2,frame1560419403.jpg
2,frame1560419403.jpg
2,frame1560419403.jpg
2,frame1560419403.jpg
2,frame1560419403.jpg
2,frame1560419403.jpg
2,frame1560419403.jpg
2,frame1560419403.jpg
2,frame1560419403.jpg
2,frame1560419403.jpg
2,frame1560419403.jpg
2,frame1560419403.jpg
2,frame1560419403.jpg
2,frame1560419403.jpg
2,frame1560419403.jpg
2,frame1560419403.jpg
2,frame1560419403.jpg
2,frame1560419403.jpg
2,frame1560419403.jpg
2,frame1560419403.jpg
2,frame1560419403.jpg
2,frame1560419403.jpg
2,frame1560419403.jpg
2,frame1560419403.jpg
2,frame1560419404.jpg
2,frame1560419404.jpg
2,frame1560419404.jpg
2,frame1560419404.jpg
2,frame1560419404.jpg
2,frame1560419404.jpg
2,frame1560419404.jpg
2,frame1560419404.jpg
2,frame1560419404.jpg
2,frame1560419404.jpg
2,frame1560419404.jpg
2,frame1560419404.jpg
2,frame1560419404.jpg
2,frame1560419404.jpg
2,frame1560419404.jpg
2,frame1560419404.jpg
2,frame1560419404.jpg
2,frame1560419404.jpg
2,frame1560419404.jpg
2,frame1560419404.jpg
2,frame1560419404.jpg
2,frame1560419404.jpg
2,frame1560419404.jpg
2,frame1560419404.jpg
2,frame1560419404.jpg
2,frame1560419404.jpg
2,frame1560419404.jpg
2,frame1560419404.jpg
2,frame1560419404.jpg
2,frame1560419404.jpg
2,frame1560419404.jpg
2,frame1560419404.jpg
2,frame1560419405.jpg
2,frame1560419405.jpg
2,frame1560419405.jpg
2,frame1560419405.jpg
2,frame1560419405.jpg
2,frame1560419405.jpg
2,frame1560419405.jpg
2,frame1560419405.jpg
2,frame1560419405.jpg
2,frame1560419405.jpg
2,frame1560419405.jpg
2,frame1560419405.jpg
2,frame1560419405.jpg
2,frame1560419405.jpg
2,frame1560419405.jpg
2,frame1560419405.jpg
2,frame1560419405.jpg
2,frame1560419405.jpg
2,frame1560419405.jpg
2,frame1560419405.jpg
2,frame1560419405.jpg
2,frame1560419405.jpg
2,frame1560419405.jpg
2,frame1560419405.jpg
2,frame1560419405.jpg
2,frame1560419405.jpg
2,frame1560419405.jpg
2,frame1560419405.jpg
2,frame1560419405.jpg
2,frame1560419405.jpg
2,frame1560419406.jpg
2,frame1560419406.jpg
2,frame1560419406.jpg
2,frame1560419406.jpg
2,frame1560419406.jpg
2,frame1560419406.jpg
2,frame1560419406.jpg
2,frame1560419406.jpg
2,frame1560419406.jpg
2,frame1560419406.jpg
2,frame1560419406.jpg
2,frame1560419406.jpg
2,frame1560419406.jpg
2,frame1560419406.jpg
2,frame1560419406.jpg
2,frame1560419406.jpg
2,frame1560419406.jpg
2,frame1560419406.jpg
2,frame1560419406.jpg
2,frame1560419406.jpg
2,frame1560419406.jpg
2,frame1560419406.jpg
2,frame1560419406.jpg
2,frame1560419406.jpg
2,frame1560419406.jpg
2,frame1560419406.jpg
2,frame1560419406.jpg
2,frame1560419406.jpg
2,frame1560419406.jpg
2,frame1560419406.jpg
2,frame1560419407.jpg
2,frame1560419407.jpg
2,frame1560419407.jpg
2,frame1560419407.jpg
2,frame1560419407.jpg
2,frame1560419407.jpg
2,frame1560419407.jpg
2,frame1560419407.jpg
2,frame1560419407.jpg
2,frame1560419407.jpg
2,frame1560419407.jpg
2,frame1560419407.jpg
2,frame1560419407.jpg
2,frame1560419407.jpg
2,frame1560419407.jpg
2,frame1560419407.jpg
2,frame1560419407.jpg
2,frame1560419407.jpg
2,frame1560419407.jpg
2,frame1560419407.jpg
2,frame1560419407.jpg
2,frame1560419407.jpg
2,frame1560419407.jpg
2,frame1560419407.jpg
2,frame1560419407.jpg
2,frame1560419407.jpg
2,frame1560419407.jpg
2,frame1560419407.jpg
2,frame1560419407.jpg
2,frame1560419408.jpg
2,frame1560419408.jpg
2,frame1560419408.jpg
2,frame1560419408.jpg
2,frame1560419408.jpg
2,frame1560419408.jpg
2,frame1560419408.jpg
2,frame1560419408.jpg
2,frame1560419408.jpg
2,frame1560419408.jpg
2,frame1560419408.jpg
2,frame1560419408.jpg
2,frame1560419408.jpg
2,frame1560419408.jpg
0,frame1560419408.jpg
0,frame1560419408.jpg
0,frame1560419408.jpg
0,frame1560419408.jpg
0,frame1560419408.jpg
0,frame1560419408.jpg
0,frame1560419408.jpg
0,frame1560419408.jpg
0,frame1560419408.jpg
0,frame1560419408.jpg
0,frame1560419408.jpg
0,frame1560419408.jpg
0,frame1560419408.jpg
0,frame1560419408.jpg
0,frame1560419408.jpg
0,frame1560419409.jpg
0,frame1560419409.jpg
0,frame1560419409.jpg
0,frame1560419409.jpg
0,frame1560419409.jpg
0,frame1560419409.jpg
0,frame1560419409.jpg
0,frame1560419409.jpg
0,frame1560419409.jpg
0,frame1560419409.jpg
0,frame1560419409.jpg
0,frame1560419409.jpg
0,frame1560419409.jpg
0,frame1560419409.jpg
0,frame1560419409.jpg
0,frame1560419409.jpg
0,frame1560419409.jpg
0,frame1560419409.jpg
0,frame1560419409.jpg
0,frame1560419409.jpg
0,frame1560419409.jpg
0,frame1560419409.jpg
0,frame1560419409.jpg
0,frame1560419409.jpg
0,frame1560419409.jpg
0,frame1560419409.jpg
0,frame1560419409.jpg
0,frame1560419409.jpg
0,frame1560419409.jpg
0,frame1560419409.jpg
0,frame1560419409.jpg
0,frame1560419410.jpg
0,frame1560419410.jpg
0,frame1560419410.jpg
0,frame1560419410.jpg
0,frame1560419410.jpg
0,frame1560419410.jpg
0,frame1560419410.jpg
0,frame1560419410.jpg
0,frame1560419410.jpg
0,frame1560419410.jpg
0,frame1560419410.jpg
0,frame1560419410.jpg
0,frame1560419410.jpg
0,frame1560419410.jpg
0,frame1560419410.jpg
0,frame1560419410.jpg
0,frame1560419410.jpg
0,frame1560419410.jpg
0,frame1560419410.jpg
0,frame1560419410.jpg
0,frame1560419410.jpg
0,frame1560419410.jpg
0,frame1560419410.jpg
0,frame1560419410.jpg
0,frame1560419410.jpg
0,frame1560419410.jpg
0,frame1560419410.jpg
0,frame1560419410.jpg
0,frame1560419410.jpg
0,frame1560419410.jpg
0,frame1560419411.jpg
0,frame1560419411.jpg
0,frame1560419411.jpg
0,frame1560419411.jpg
0,frame1560419411.jpg
0,frame1560419411.jpg
0,frame1560419411.jpg
0,frame1560419411.jpg
0,frame1560419411.jpg
0,frame1560419411.jpg
0,frame1560419411.jpg
0,frame1560419411.jpg
0,frame1560419411.jpg
0,frame1560419411.jpg
0,frame1560419411.jpg
0,frame1560419411.jpg
0,frame1560419411.jpg
0,frame1560419411.jpg
0,frame1560419411.jpg
0,frame1560419411.jpg
0,frame1560419411.jpg
0,frame1560419411.jpg
0,frame1560419411.jpg
0,frame1560419411.jpg
0,frame1560419411.jpg
0,frame1560419411.jpg
0,frame1560419411.jpg
0,frame1560419411.jpg
0,frame1560419411.jpg
0,frame1560419411.jpg
0,frame1560419412.jpg
0,frame1560419412.jpg
0,frame1560419412.jpg
0,frame1560419412.jpg
0,frame1560419412.jpg
0,frame1560419412.jpg
0,frame1560419412.jpg
0,frame1560419412.jpg
0,frame1560419412.jpg
0,frame1560419412.jpg
0,frame1560419412.jpg
0,frame1560419412.jpg
0,frame1560419412.jpg
0,frame1560419412.jpg
0,frame1560419412.jpg
0,frame1560419412.jpg
0,frame1560419412.jpg
0,frame1560419412.jpg
0,frame1560419412.jpg
0,frame1560419412.jpg
0,frame1560419412.jpg
0,frame1560419412.jpg
0,frame1560419412.jpg
0,frame1560419412.jpg
0,frame1560419412.jpg
0,frame1560419412.jpg
0,frame1560419412.jpg
0,frame1560419412.jpg
0,frame1560419413.jpg
0,frame1560419413.jpg
0,frame1560419413.jpg
0,frame1560419413.jpg
0,frame1560419413.jpg
0,frame1560419413.jpg
0,frame1560419413.jpg
0,frame1560419413.jpg
0,frame1560419413.jpg
0,frame1560419413.jpg
0,frame1560419413.jpg
0,frame1560419413.jpg
0,frame1560419413.jpg
0,frame1560419413.jpg
0,frame1560419413.jpg
0,frame1560419413.jpg
0,frame1560419413.jpg
0,frame1560419413.jpg
0,frame1560419413.jpg
0,frame1560419413.jpg
0,frame1560419413.jpg
0,frame1560419413.jpg
0,frame1560419413.jpg
0,frame1560419413.jpg
0,frame1560419413.jpg
0,frame1560419413.jpg
0,frame1560419413.jpg
0,frame1560419413.jpg
0,frame1560419414.jpg
0,frame1560419414.jpg
0,frame1560419414.jpg
0,frame1560419414.jpg
0,frame1560419414.jpg
0,frame1560419414.jpg
0,frame1560419414.jpg
0,frame1560419414.jpg
0,frame1560419414.jpg
0,frame1560419414.jpg
0,frame1560419414.jpg
0,frame1560419414.jpg
0,frame1560419414.jpg
0,frame1560419414.jpg
0,frame1560419414.jpg
0,frame1560419414.jpg
0,frame1560419414.jpg
0,frame1560419414.jpg
0,frame1560419414.jpg
0,frame1560419414.jpg
0,frame1560419414.jpg
0,frame1560419414.jpg
0,frame1560419414.jpg
0,frame1560419414.jpg
0,frame1560419414.jpg
0,frame1560419414.jpg
0,frame1560419414.jpg
0,frame1560419414.jpg
0,frame1560419414.jpg
0,frame1560419415.jpg
0,frame1560419415.jpg
0,frame1560419415.jpg
0,frame1560419415.jpg
0,frame1560419415.jpg
0,frame1560419415.jpg
0,frame1560419415.jpg
0,frame1560419415.jpg
0,frame1560419415.jpg
0,frame1560419415.jpg
0,frame1560419415.jpg
0,frame1560419415.jpg
0,frame1560419415.jpg
0,frame1560419415.jpg
0,frame1560419415.jpg
0,frame1560419415.jpg
0,frame1560419415.jpg
0,frame1560419415.jpg
0,frame1560419415.jpg
0,frame1560419415.jpg
0,frame1560419415.jpg
0,frame1560419415.jpg
0,frame1560419415.jpg
0,frame1560419415.jpg
0,frame1560419415.jpg
0,frame1560419415.jpg
0,frame1560419415.jpg
0,frame1560419415.jpg
0,frame1560419415.jpg
0,frame1560419415.jpg
0,frame1560419416.jpg
0,frame1560419416.jpg
0,frame1560419416.jpg
0,frame1560419416.jpg
0,frame1560419416.jpg
0,frame1560419416.jpg
0,frame1560419416.jpg
0,frame1560419416.jpg
0,frame1560419416.jpg
0,frame1560419416.jpg
0,frame1560419416.jpg
0,frame1560419416.jpg
0,frame1560419416.jpg
0,frame1560419416.jpg
0,frame1560419416.jpg
0,frame1560419416.jpg
0,frame1560419416.jpg
0,frame1560419416.jpg
0,frame1560419416.jpg
0,frame1560419416.jpg
0,frame1560419416.jpg
0,frame1560419416.jpg
0,frame1560419416.jpg
0,frame1560419416.jpg
0,frame1560419416.jpg
0,frame1560419416.jpg
0,frame1560419416.jpg
0,frame1560419416.jpg
0,frame1560419416.jpg
0,frame1560419416.jpg
0,frame1560419417.jpg
0,frame1560419417.jpg
0,frame1560419417.jpg
0,frame1560419417.jpg
0,frame1560419417.jpg
0,frame1560419417.jpg
0,frame1560419417.jpg
0,frame1560419417.jpg
0,frame1560419417.jpg
0,frame1560419417.jpg
0,frame1560419417.jpg
0,frame1560419417.jpg
0,frame1560419417.jpg
0,frame1560419417.jpg
0,frame1560419417.jpg
0,frame1560419417.jpg
0,frame1560419417.jpg
0,frame1560419417.jpg
0,frame1560419417.jpg
0,frame1560419417.jpg
0,frame1560419417.jpg
0,frame1560419417.jpg
0,frame1560419417.jpg
0,frame1560419417.jpg
0,frame1560419417.jpg
0,frame1560419417.jpg
0,frame1560419417.jpg
0,frame1560419417.jpg
0,frame1560419417.jpg
0,frame1560419418.jpg
0,frame1560419418.jpg
0,frame1560419418.jpg
0,frame1560419418.jpg
0,frame1560419418.jpg
0,frame1560419418.jpg
0,frame1560419418.jpg
0,frame1560419418.jpg
0,frame1560419418.jpg
0,frame1560419418.jpg
0,frame1560419418.jpg
0,frame1560419418.jpg
0,frame1560419418.jpg
0,frame1560419418.jpg
0,frame1560419418.jpg
0,frame1560419418.jpg
0,frame1560419418.jpg
0,frame1560419418.jpg
0,frame1560419418.jpg
0,frame1560419418.jpg
0,frame1560419418.jpg
0,frame1560419418.jpg
0,frame1560419418.jpg
0,frame1560419418.jpg
0,frame1560419418.jpg
0,frame1560419418.jpg
0,frame1560419418.jpg
0,frame1560419418.jpg
0,frame1560419419.jpg
0,frame1560419419.jpg
0,frame1560419419.jpg
0,frame1560419419.jpg
0,frame1560419419.jpg
0,frame1560419419.jpg
0,frame1560419419.jpg
0,frame1560419419.jpg
0,frame1560419419.jpg
0,frame1560419419.jpg
0,frame1560419419.jpg
0,frame1560419419.jpg
0,frame1560419419.jpg
0,frame1560419419.jpg
0,frame1560419419.jpg
0,frame1560419420.jpg
0,frame1560419420.jpg
0,frame1560419420.jpg
0,frame1560419420.jpg
0,frame1560419420.jpg
0,frame1560419420.jpg
0,frame1560419420.jpg
0,frame1560419420.jpg
0,frame1560419420.jpg
0,frame1560419420.jpg
0,frame1560419420.jpg
0,frame1560419420.jpg
0,frame1560419420.jpg
0,frame1560419420.jpg
0,frame1560419420.jpg
0,frame1560419420.jpg
0,frame1560419420.jpg
0,frame1560419420.jpg
0,frame1560419420.jpg
0,frame1560419420.jpg
0,frame1560419420.jpg
0,frame1560419420.jpg
0,frame1560419420.jpg
0,frame1560419420.jpg
0,frame1560419420.jpg
0,frame1560419420.jpg
0,frame1560419420.jpg
0,frame1560419420.jpg
0,frame1560419420.jpg
0,frame1560419420.jpg
0,frame1560419420.jpg
0,frame1560419420.jpg
0,frame1560419420.jpg
0,frame1560419421.jpg
0,frame1560419421.jpg
0,frame1560419421.jpg
0,frame1560419421.jpg
0,frame1560419421.jpg
0,frame1560419421.jpg
0,frame1560419421.jpg
0,frame1560419421.jpg
0,frame1560419421.jpg
0,frame1560419421.jpg
0,frame1560419421.jpg
0,frame1560419421.jpg
0,frame1560419421.jpg
0,frame1560419421.jpg
0,frame1560419421.jpg
0,frame1560419421.jpg
0,frame1560419421.jpg
0,frame1560419421.jpg
0,frame1560419421.jpg
0,frame1560419421.jpg
0,frame1560419421.jpg
0,frame1560419421.jpg
0,frame1560419421.jpg
0,frame1560419421.jpg
0,frame1560419421.jpg
0,frame1560419421.jpg
0,frame1560419421.jpg
0,frame1560419421.jpg
0,frame1560419421.jpg
0,frame1560419422.jpg
0,frame1560419422.jpg
0,frame1560419422.jpg
0,frame1560419422.jpg
0,frame1560419422.jpg
0,frame1560419422.jpg
0,frame1560419422.jpg
0,frame1560419422.jpg
0,frame1560419422.jpg
0,frame1560419422.jpg
0,frame1560419422.jpg
0,frame1560419422.jpg
0,frame1560419422.jpg
0,frame1560419422.jpg
0,frame1560419422.jpg
0,frame1560419422.jpg
0,frame1560419422.jpg
0,frame1560419422.jpg
0,frame1560419422.jpg
0,frame1560419422.jpg
0,frame1560419422.jpg
0,frame1560419422.jpg
0,frame1560419422.jpg
0,frame1560419422.jpg
0,frame1560419422.jpg
0,frame1560419422.jpg
0,frame1560419422.jpg
0,frame1560419422.jpg
0,frame1560419422.jpg
0,frame1560419422.jpg
0,frame1560419423.jpg
0,frame1560419423.jpg
0,frame1560419423.jpg
0,frame1560419423.jpg
0,frame1560419423.jpg
0,frame1560419423.jpg
0,frame1560419423.jpg
0,frame1560419423.jpg
0,frame1560419423.jpg
0,frame1560419423.jpg
0,frame1560419423.jpg
0,frame1560419423.jpg
0,frame1560419423.jpg
0,frame1560419423.jpg
0,frame1560419423.jpg
0,frame1560419423.jpg
0,frame1560419423.jpg
0,frame1560419423.jpg
0,frame1560419423.jpg
0,frame1560419423.jpg
0,frame1560419423.jpg
0,frame1560419423.jpg
0,frame1560419423.jpg
0,frame1560419423.jpg
0,frame1560419423.jpg
0,frame1560419423.jpg
0,frame1560419423.jpg
0,frame1560419423.jpg
0,frame1560419423.jpg
0,frame1560419423.jpg
0,frame1560419424.jpg
0,frame1560419424.jpg
0,frame1560419424.jpg
0,frame1560419424.jpg
0,frame1560419424.jpg
0,frame1560419424.jpg
0,frame1560419424.jpg
0,frame1560419424.jpg
0,frame1560419424.jpg
0,frame1560419424.jpg
0,frame1560419424.jpg
0,frame1560419424.jpg
1,frame1560419424.jpg
1,frame1560419424.jpg
1,frame1560419424.jpg
1,frame1560419424.jpg
1,frame1560419424.jpg
1,frame1560419424.jpg
1,frame1560419424.jpg
1,frame1560419424.jpg
1,frame1560419424.jpg
1,frame1560419424.jpg
1,frame1560419424.jpg
1,frame1560419424.jpg
1,frame1560419424.jpg
1,frame1560419424.jpg
1,frame1560419424.jpg
1,frame1560419424.jpg
1,frame1560419424.jpg
1,frame1560419424.jpg
1,frame1560419425.jpg
1,frame1560419425.jpg
1,frame1560419425.jpg
1,frame1560419425.jpg
1,frame1560419425.jpg
1,frame1560419425.jpg
1,frame1560419425.jpg
1,frame1560419425.jpg
1,frame1560419425.jpg
1,frame1560419425.jpg
1,frame1560419425.jpg
1,frame1560419425.jpg
1,frame1560419425.jpg
1,frame1560419425.jpg
1,frame1560419425.jpg
1,frame1560419425.jpg
1,frame1560419425.jpg
1,frame1560419425.jpg
1,frame1560419425.jpg
1,frame1560419425.jpg
1,frame1560419425.jpg
1,frame1560419425.jpg
1,frame1560419425.jpg
1,frame1560419425.jpg
1,frame1560419425.jpg
1,frame1560419425.jpg
1,frame1560419425.jpg
1,frame1560419425.jpg
1,frame1560419425.jpg
1,frame1560419425.jpg
1,frame1560419426.jpg
1,frame1560419426.jpg
1,frame1560419426.jpg
1,frame1560419426.jpg
1,frame1560419426.jpg
1,frame1560419426.jpg
1,frame1560419426.jpg
1,frame1560419426.jpg
1,frame1560419426.jpg
1,frame1560419426.jpg
1,frame1560419426.jpg
1,frame1560419426.jpg
1,frame1560419426.jpg
1,frame1560419426.jpg
1,frame1560419426.jpg
1,frame1560419426.jpg
1,frame1560419426.jpg
1,frame1560419426.jpg
1,frame1560419426.jpg
1,frame1560419426.jpg
1,frame1560419426.jpg
1,frame1560419426.jpg
1,frame1560419426.jpg
1,frame1560419426.jpg
1,frame1560419426.jpg
1,frame1560419426.jpg
1,frame1560419426.jpg
1,frame1560419426.jpg
1,frame1560419427.jpg
1,frame1560419427.jpg
1,frame1560419427.jpg
1,frame1560419427.jpg
1,frame1560419427.jpg
1,frame1560419427.jpg
1,frame1560419427.jpg
1,frame1560419427.jpg
1,frame1560419427.jpg
1,frame1560419427.jpg
1,frame1560419427.jpg
1,frame1560419427.jpg
1,frame1560419427.jpg
1,frame1560419427.jpg
1,frame1560419427.jpg
1,frame1560419427.jpg
1,frame1560419427.jpg
1,frame1560419427.jpg
1,frame1560419427.jpg
1,frame1560419427.jpg
1,frame1560419427.jpg
1,frame1560419427.jpg
1,frame1560419427.jpg
1,frame1560419427.jpg
1,frame1560419427.jpg
1,frame1560419427.jpg
1,frame1560419427.jpg
1,frame1560419427.jpg
1,frame1560419427.jpg
1,frame1560419427.jpg
1,frame1560419428.jpg
1,frame1560419428.jpg
1,frame1560419428.jpg
1,frame1560419428.jpg
1,frame1560419428.jpg
1,frame1560419428.jpg
1,frame1560419428.jpg
1,frame1560419428.jpg
1,frame1560419428.jpg
1,frame1560419428.jpg
1,frame1560419428.jpg
1,frame1560419428.jpg
1,frame1560419428.jpg
1,frame1560419428.jpg
1,frame1560419428.jpg
1,frame1560419428.jpg
1,frame1560419428.jpg
1,frame1560419428.jpg
1,frame1560419428.jpg
1,frame1560419428.jpg
1,frame1560419428.jpg
1,frame1560419428.jpg
1,frame1560419428.jpg
1,frame1560419428.jpg
1,frame1560419428.jpg
1,frame1560419428.jpg
1,frame1560419428.jpg
1,frame1560419428.jpg
1,frame1560419428.jpg
1,frame1560419428.jpg
1,frame1560419429.jpg
1,frame1560419429.jpg
1,frame1560419429.jpg
1,frame1560419429.jpg
1,frame1560419429.jpg
1,frame1560419429.jpg
1,frame1560419429.jpg
1,frame1560419429.jpg
1,frame1560419429.jpg
1,frame1560419429.jpg
1,frame1560419429.jpg
1,frame1560419429.jpg
1,frame1560419429.jpg
1,frame1560419429.jpg
1,frame1560419429.jpg
1,frame1560419429.jpg
1,frame1560419429.jpg
1,frame1560419429.jpg
1,frame1560419429.jpg
1,frame1560419429.jpg
1,frame1560419429.jpg
1,frame1560419429.jpg
1,frame1560419429.jpg
1,frame1560419429.jpg
1,frame1560419429.jpg
1,frame1560419429.jpg
1,frame1560419429.jpg
1,frame1560419429.jpg
1,frame1560419429.jpg
1,frame1560419429.jpg
1,frame1560419430.jpg
1,frame1560419430.jpg
1,frame1560419430.jpg
1,frame1560419430.jpg
1,frame1560419430.jpg
1,frame1560419430.jpg
1,frame1560419430.jpg
1,frame1560419430.jpg
1,frame1560419430.jpg
1,frame1560419430.jpg
1,frame1560419430.jpg
1,frame1560419430.jpg
1,frame1560419430.jpg
1,frame1560419430.jpg
1,frame1560419430.jpg
1,frame1560419430.jpg
1,frame1560419430.jpg
1,frame1560419430.jpg
1,frame1560419430.jpg
1,frame1560419430.jpg
1,frame1560419430.jpg
1,frame1560419430.jpg
1,frame1560419430.jpg
1,frame1560419430.jpg
1,frame1560419430.jpg
1,frame1560419430.jpg
1,frame1560419430.jpg
1,frame1560419430.jpg
1,frame1560419430.jpg
1,frame1560419430.jpg
1,frame1560419431.jpg
1,frame1560419431.jpg
1,frame1560419431.jpg
1,frame1560419431.jpg
1,frame1560419431.jpg
1,frame1560419431.jpg
1,frame1560419431.jpg
1,frame1560419431.jpg
1,frame1560419431.jpg
1,frame1560419431.jpg
1,frame1560419431.jpg
1,frame1560419431.jpg
1,frame1560419431.jpg
1,frame1560419431.jpg
1,frame1560419431.jpg
1,frame1560419431.jpg
1,frame1560419431.jpg
1,frame1560419431.jpg
1,frame1560419431.jpg
1,frame1560419431.jpg
1,frame1560419431.jpg
1,frame1560419431.jpg
1,frame1560419431.jpg
1,frame1560419431.jpg
1,frame1560419431.jpg
1,frame1560419431.jpg
1,frame1560419431.jpg
1,frame1560419431.jpg
1,frame1560419432.jpg
1,frame1560419432.jpg
1,frame1560419432.jpg
1,frame1560419432.jpg
1,frame1560419432.jpg
1,frame1560419432.jpg
1,frame1560419432.jpg
1,frame1560419432.jpg
1,frame1560419432.jpg
1,frame1560419432.jpg
1,frame1560419432.jpg
1,frame1560419432.jpg
1,frame1560419432.jpg
1,frame1560419432.jpg
1,frame1560419432.jpg
1,frame1560419432.jpg
1,frame1560419432.jpg
1,frame1560419432.jpg
1,frame1560419432.jpg
1,frame1560419432.jpg
1,frame1560419432.jpg
1,frame1560419432.jpg
1,frame1560419432.jpg
1,frame1560419432.jpg
1,frame1560419432.jpg
1,frame1560419432.jpg
1,frame1560419432.jpg
1,frame1560419432.jpg
1,frame1560419432.jpg
1,frame1560419432.jpg
1,frame1560419433.jpg
1,frame1560419433.jpg
1,frame1560419433.jpg
1,frame1560419433.jpg
1,frame1560419433.jpg
1,frame1560419433.jpg
1,frame1560419433.jpg
1,frame1560419433.jpg
0,frame1560419433.jpg
0,frame1560419433.jpg
0,frame1560419433.jpg
0,frame1560419433.jpg
0,frame1560419433.jpg
0,frame1560419433.jpg
0,frame1560419433.jpg
0,frame1560419433.jpg
0,frame1560419433.jpg
0,frame1560419433.jpg
0,frame1560419433.jpg
0,frame1560419433.jpg
0,frame1560419433.jpg
0,frame1560419433.jpg
0,frame1560419433.jpg
0,frame1560419433.jpg
0,frame1560419433.jpg
0,frame1560419433.jpg
0,frame1560419433.jpg
0,frame1560419433.jpg
0,frame1560419433.jpg
0,frame1560419434.jpg
0,frame1560419434.jpg
0,frame1560419434.jpg
0,frame1560419434.jpg
0,frame1560419434.jpg
0,frame1560419434.jpg
0,frame1560419434.jpg
0,frame1560419434.jpg
0,frame1560419434.jpg
0,frame1560419434.jpg
0,frame1560419434.jpg
0,frame1560419434.jpg
0,frame1560419434.jpg
0,frame1560419434.jpg
0,frame1560419434.jpg
0,frame1560419434.jpg
0,frame1560419434.jpg
0,frame1560419435.jpg
0,frame1560419435.jpg
0,frame1560419435.jpg
0,frame1560419436.jpg
0,frame1560419436.jpg
0,frame1560419436.jpg
0,frame1560419436.jpg
0,frame1560419437.jpg
0,frame1560419437.jpg
0,frame1560419437.jpg
0,frame1560419437.jpg
0,frame1560419437.jpg
0,frame1560419437.jpg
0,frame1560419437.jpg
0,frame1560419437.jpg
0,frame1560419437.jpg
0,frame1560419437.jpg
0,frame1560419437.jpg
0,frame1560419437.jpg
0,frame1560419437.jpg
0,frame1560419437.jpg
0,frame1560419437.jpg
0,frame1560419437.jpg
0,frame1560419437.jpg
0,frame1560419438.jpg
0,frame1560419438.jpg
0,frame1560419438.jpg
0,frame1560419438.jpg
0,frame1560419438.jpg
0,frame1560419438.jpg
0,frame1560419438.jpg
0,frame1560419438.jpg
0,frame1560419438.jpg
0,frame1560419438.jpg
0,frame1560419438.jpg
0,frame1560419438.jpg
0,frame1560419438.jpg
0,frame1560419438.jpg
0,frame1560419438.jpg
0,frame1560419438.jpg
0,frame1560419438.jpg
0,frame1560419438.jpg
0,frame1560419438.jpg
0,frame1560419438.jpg
0,frame1560419438.jpg
0,frame1560419438.jpg
0,frame1560419438.jpg
0,frame1560419438.jpg
0,frame1560419438.jpg
0,frame1560419438.jpg
0,frame1560419438.jpg
0,frame1560419438.jpg
0,frame1560419438.jpg
0,frame1560419438.jpg
0,frame1560419439.jpg
0,frame1560419439.jpg
0,frame1560419439.jpg
0,frame1560419439.jpg
0,frame1560419439.jpg
0,frame1560419439.jpg
0,frame1560419439.jpg
0,frame1560419439.jpg
0,frame1560419439.jpg
0,frame1560419439.jpg
0,frame1560419439.jpg
0,frame1560419439.jpg
0,frame1560419439.jpg
0,frame1560419439.jpg
0,frame1560419439.jpg
0,frame1560419439.jpg
0,frame1560419439.jpg
0,frame1560419439.jpg
0,frame1560419439.jpg
0,frame1560419439.jpg
0,frame1560419439.jpg
0,frame1560419439.jpg
0,frame1560419439.jpg
0,frame1560419439.jpg
0,frame1560419439.jpg
0,frame1560419439.jpg
0,frame1560419439.jpg
0,frame1560419439.jpg
0,frame1560419439.jpg
0,frame1560419439.jpg
0,frame1560419440.jpg
0,frame1560419440.jpg
0,frame1560419440.jpg
0,frame1560419440.jpg
0,frame1560419440.jpg
0,frame1560419440.jpg
0,frame1560419440.jpg
0,frame1560419440.jpg
0,frame1560419440.jpg
0,frame1560419440.jpg
0,frame1560419440.jpg
0,frame1560419440.jpg
0,frame1560419440.jpg
0,frame1560419440.jpg
0,frame1560419440.jpg
0,frame1560419440.jpg
0,frame1560419440.jpg
0,frame1560419440.jpg
0,frame1560419440.jpg
0,frame1560419440.jpg
0,frame1560419440.jpg
0,frame1560419440.jpg
0,frame1560419440.jpg
0,frame1560419440.jpg
0,frame1560419440.jpg
0,frame1560419440.jpg
0,frame1560419440.jpg
0,frame1560419440.jpg
0,frame1560419440.jpg
0,frame1560419441.jpg
0,frame1560419441.jpg
0,frame1560419441.jpg
0,frame1560419441.jpg
0,frame1560419441.jpg
0,frame1560419441.jpg
0,frame1560419441.jpg
0,frame1560419441.jpg
0,frame1560419441.jpg
0,frame1560419441.jpg
0,frame1560419441.jpg
0,frame1560419441.jpg
0,frame1560419441.jpg
0,frame1560419441.jpg
0,frame1560419441.jpg
0,frame1560419441.jpg
0,frame1560419441.jpg
0,frame1560419441.jpg
0,frame1560419441.jpg
0,frame1560419441.jpg
0,frame1560419441.jpg
0,frame1560419441.jpg
0,frame1560419441.jpg
0,frame1560419441.jpg
0,frame1560419441.jpg
0,frame1560419441.jpg
0,frame1560419441.jpg
0,frame1560419441.jpg
0,frame1560419441.jpg
0,frame1560419441.jpg
0,frame1560419442.jpg
0,frame1560419442.jpg
0,frame1560419442.jpg
0,frame1560419442.jpg
0,frame1560419442.jpg
0,frame1560419442.jpg
0,frame1560419442.jpg
0,frame1560419442.jpg
0,frame1560419442.jpg
0,frame1560419442.jpg
0,frame1560419442.jpg
0,frame1560419442.jpg
0,frame1560419442.jpg
0,frame1560419442.jpg
0,frame1560419442.jpg
0,frame1560419442.jpg
0,frame1560419442.jpg
0,frame1560419442.jpg
0,frame1560419442.jpg
0,frame1560419442.jpg
0,frame1560419442.jpg
0,frame1560419442.jpg
0,frame1560419442.jpg
0,frame1560419442.jpg
0,frame1560419442.jpg
0,frame1560419442.jpg
0,frame1560419442.jpg
0,frame1560419442.jpg
0,frame1560419442.jpg
0,frame1560419442.jpg
0,frame1560419443.jpg
0,frame1560419443.jpg
0,frame1560419443.jpg
0,frame1560419443.jpg
0,frame1560419443.jpg
0,frame1560419443.jpg
0,frame1560419443.jpg
0,frame1560419443.jpg
0,frame1560419443.jpg
0,frame1560419443.jpg
0,frame1560419443.jpg
0,frame1560419443.jpg
0,frame1560419443.jpg
0,frame1560419443.jpg
0,frame1560419443.jpg
0,frame1560419443.jpg
0,frame1560419443.jpg
0,frame1560419443.jpg
0,frame1560419443.jpg
0,frame1560419443.jpg
0,frame1560419443.jpg
0,frame1560419443.jpg
0,frame1560419443.jpg
0,frame1560419443.jpg
0,frame1560419443.jpg
0,frame1560419443.jpg
0,frame1560419443.jpg
0,frame1560419443.jpg
0,frame1560419443.jpg
0,frame1560419444.jpg
0,frame1560419444.jpg
0,frame1560419444.jpg
0,frame1560419444.jpg
0,frame1560419444.jpg
0,frame1560419444.jpg
0,frame1560419444.jpg
0,frame1560419444.jpg
0,frame1560419444.jpg
0,frame1560419444.jpg
0,frame1560419444.jpg
0,frame1560419444.jpg
0,frame1560419444.jpg
0,frame1560419444.jpg
0,frame1560419444.jpg
0,frame1560419444.jpg
0,frame1560419444.jpg
0,frame1560419444.jpg
0,frame1560419444.jpg
0,frame1560419444.jpg
0,frame1560419444.jpg
0,frame1560419444.jpg
0,frame1560419444.jpg
0,frame1560419444.jpg
0,frame1560419444.jpg
0,frame1560419444.jpg
0,frame1560419444.jpg
0,frame1560419444.jpg
0,frame1560419444.jpg
0,frame1560419444.jpg
0,frame1560419445.jpg
0,frame1560419445.jpg
0,frame1560419445.jpg
0,frame1560419445.jpg
0,frame1560419445.jpg
0,frame1560419445.jpg
0,frame1560419445.jpg
0,frame1560419445.jpg
0,frame1560419445.jpg
0,frame1560419445.jpg
0,frame1560419445.jpg
0,frame1560419445.jpg
0,frame1560419445.jpg
0,frame1560419445.jpg
0,frame1560419445.jpg
0,frame1560419445.jpg
0,frame1560419445.jpg
0,frame1560419445.jpg
0,frame1560419445.jpg
0,frame1560419445.jpg
0,frame1560419445.jpg
0,frame1560419445.jpg
0,frame1560419445.jpg
0,frame1560419445.jpg
0,frame1560419445.jpg
0,frame1560419445.jpg
0,frame1560419445.jpg
0,frame1560419445.jpg
0,frame1560419445.jpg
0,frame1560419446.jpg
0,frame1560419446.jpg
0,frame1560419446.jpg
0,frame1560419446.jpg
0,frame1560419446.jpg
0,frame1560419446.jpg
0,frame1560419446.jpg
0,frame1560419446.jpg
0,frame1560419446.jpg
0,frame1560419446.jpg
0,frame1560419446.jpg
0,frame1560419446.jpg
0,frame1560419446.jpg
0,frame1560419446.jpg
0,frame1560419446.jpg
0,frame1560419446.jpg
0,frame1560419446.jpg
0,frame1560419446.jpg
0,frame1560419446.jpg
0,frame1560419446.jpg
0,frame1560419446.jpg
0,frame1560419446.jpg
0,frame1560419446.jpg
0,frame1560419446.jpg
0,frame1560419446.jpg
0,frame1560419446.jpg
0,frame1560419446.jpg
0,frame1560419446.jpg
0,frame1560419446.jpg
0,frame1560419446.jpg
0,frame1560419447.jpg
0,frame1560419447.jpg
0,frame1560419447.jpg
0,frame1560419447.jpg
0,frame1560419447.jpg
0,frame1560419447.jpg
0,frame1560419447.jpg
0,frame1560419447.jpg
0,frame1560419447.jpg
0,frame1560419447.jpg
0,frame1560419447.jpg
0,frame1560419447.jpg
0,frame1560419447.jpg
0,frame1560419447.jpg
0,frame1560419447.jpg
0,frame1560419447.jpg
0,frame1560419447.jpg
0,frame1560419447.jpg
0,frame1560419447.jpg
0,frame1560419447.jpg
0,frame1560419447.jpg
0,frame1560419447.jpg
0,frame1560419447.jpg
0,frame1560419447.jpg
0,frame1560419447.jpg
0,frame1560419447.jpg
0,frame1560419447.jpg
0,frame1560419447.jpg
0,frame1560419447.jpg
0,frame1560419448.jpg
0,frame1560419448.jpg
0,frame1560419448.jpg
0,frame1560419448.jpg
0,frame1560419448.jpg
0,frame1560419448.jpg
0,frame1560419448.jpg
0,frame1560419448.jpg
0,frame1560419448.jpg
0,frame1560419448.jpg
0,frame1560419448.jpg
0,frame1560419448.jpg
0,frame1560419448.jpg
0,frame1560419448.jpg
0,frame1560419448.jpg
0,frame1560419448.jpg
0,frame1560419448.jpg
0,frame1560419448.jpg
0,frame1560419448.jpg
0,frame1560419448.jpg
0,frame1560419448.jpg
0,frame1560419448.jpg
0,frame1560419448.jpg
0,frame1560419448.jpg
0,frame1560419448.jpg
0,frame1560419448.jpg
0,frame1560419448.jpg
0,frame1560419448.jpg
0,frame1560419448.jpg
0,frame1560419448.jpg
0,frame1560419449.jpg
0,frame1560419449.jpg
0,frame1560419449.jpg
0,frame1560419449.jpg
0,frame1560419449.jpg
0,frame1560419449.jpg
0,frame1560419449.jpg
0,frame1560419449.jpg
0,frame1560419449.jpg
0,frame1560419449.jpg
0,frame1560419449.jpg
0,frame1560419449.jpg
0,frame1560419449.jpg
0,frame1560419449.jpg
0,frame1560419449.jpg
0,frame1560419449.jpg
0,frame1560419449.jpg
0,frame1560419449.jpg
0,frame1560419449.jpg
0,frame1560419449.jpg
0,frame1560419449.jpg
0,frame1560419449.jpg
0,frame1560419449.jpg
0,frame1560419449.jpg
0,frame1560419449.jpg
0,frame1560419449.jpg
0,frame1560419449.jpg
0,frame1560419449.jpg
0,frame1560419449.jpg
0,frame1560419450.jpg
0,frame1560419450.jpg
0,frame1560419450.jpg
0,frame1560419450.jpg
0,frame1560419450.jpg
0,frame1560419450.jpg
0,frame1560419450.jpg
0,frame1560419450.jpg
0,frame1560419450.jpg
0,frame1560419450.jpg
0,frame1560419450.jpg
0,frame1560419450.jpg
0,frame1560419450.jpg
0,frame1560419450.jpg
0,frame1560419450.jpg
0,frame1560419450.jpg
0,frame1560419450.jpg
0,frame1560419450.jpg
0,frame1560419450.jpg
0,frame1560419450.jpg
0,frame1560419450.jpg
0,frame1560419450.jpg
0,frame1560419450.jpg
0,frame1560419450.jpg
0,frame1560419450.jpg
0,frame1560419450.jpg
0,frame1560419450.jpg
0,frame1560419450.jpg
0,frame1560419450.jpg
0,frame1560419451.jpg
0,frame1560419451.jpg
0,frame1560419451.jpg
0,frame1560419451.jpg
0,frame1560419451.jpg
0,frame1560419451.jpg
0,frame1560419451.jpg
0,frame1560419451.jpg
0,frame1560419451.jpg
0,frame1560419451.jpg
0,frame1560419451.jpg
0,frame1560419451.jpg
0,frame1560419451.jpg
0,frame1560419451.jpg
0,frame1560419451.jpg
0,frame1560419451.jpg
0,frame1560419451.jpg
0,frame1560419451.jpg
0,frame1560419451.jpg
0,frame1560419451.jpg
0,frame1560419451.jpg
0,frame1560419451.jpg
0,frame1560419451.jpg
0,frame1560419451.jpg
0,frame1560419451.jpg
0,frame1560419451.jpg
0,frame1560419451.jpg
0,frame1560419451.jpg
0,frame1560419451.jpg
0,frame1560419452.jpg
0,frame1560419452.jpg
0,frame1560419452.jpg
0,frame1560419452.jpg
0,frame1560419452.jpg
0,frame1560419452.jpg
0,frame1560419452.jpg
0,frame1560419452.jpg
0,frame1560419452.jpg
0,frame1560419452.jpg
0,frame1560419452.jpg
0,frame1560419452.jpg
0,frame1560419452.jpg
0,frame1560419452.jpg
0,frame1560419452.jpg
0,frame1560419452.jpg
0,frame1560419452.jpg
0,frame1560419452.jpg
0,frame1560419452.jpg
0,frame1560419452.jpg
0,frame1560419452.jpg
0,frame1560419452.jpg
0,frame1560419452.jpg
0,frame1560419452.jpg
0,frame1560419452.jpg
0,frame1560419452.jpg
0,frame1560419453.jpg
0,frame1560419453.jpg
0,frame1560419453.jpg
0,frame1560419453.jpg
0,frame1560419453.jpg
0,frame1560419453.jpg
0,frame1560419453.jpg
0,frame1560419453.jpg
0,frame1560419453.jpg
0,frame1560419453.jpg
0,frame1560419453.jpg
0,frame1560419453.jpg
0,frame1560419453.jpg
0,frame1560419453.jpg
0,frame1560419453.jpg
0,frame1560419453.jpg
0,frame1560419453.jpg
0,frame1560419453.jpg
0,frame1560419453.jpg
0,frame1560419453.jpg
0,frame1560419453.jpg
0,frame1560419453.jpg
0,frame1560419453.jpg
0,frame1560419453.jpg
0,frame1560419453.jpg
0,frame1560419453.jpg
0,frame1560419453.jpg
0,frame1560419453.jpg
0,frame1560419453.jpg
0,frame1560419453.jpg
0,frame1560419453.jpg
0,frame1560419453.jpg
0,frame1560419454.jpg
0,frame1560419454.jpg
0,frame1560419454.jpg
0,frame1560419454.jpg
0,frame1560419454.jpg
0,frame1560419454.jpg
0,frame1560419454.jpg
0,frame1560419454.jpg
0,frame1560419454.jpg
0,frame1560419454.jpg
0,frame1560419454.jpg
0,frame1560419454.jpg
0,frame1560419454.jpg
0,frame1560419454.jpg
0,frame1560419454.jpg
0,frame1560419454.jpg
0,frame1560419454.jpg
0,frame1560419454.jpg
0,frame1560419454.jpg
0,frame1560419454.jpg
0,frame1560419454.jpg
0,frame1560419454.jpg
0,frame1560419454.jpg
0,frame1560419454.jpg
0,frame1560419454.jpg
0,frame1560419454.jpg
0,frame1560419454.jpg
0,frame1560419454.jpg
0,frame1560419454.jpg
0,frame1560419454.jpg
0,frame1560419455.jpg
0,frame1560419455.jpg
0,frame1560419455.jpg
0,frame1560419455.jpg
0,frame1560419455.jpg
0,frame1560419455.jpg
0,frame1560419455.jpg
0,frame1560419455.jpg
0,frame1560419455.jpg
0,frame1560419455.jpg
0,frame1560419455.jpg
0,frame1560419455.jpg
0,frame1560419455.jpg
0,frame1560419455.jpg
0,frame1560419455.jpg
0,frame1560419455.jpg
0,frame1560419455.jpg
0,frame1560419455.jpg
0,frame1560419455.jpg
0,frame1560419455.jpg
0,frame1560419455.jpg
0,frame1560419455.jpg
0,frame1560419455.jpg
0,frame1560419455.jpg
0,frame1560419455.jpg
0,frame1560419455.jpg
0,frame1560419455.jpg
0,frame1560419455.jpg
0,frame1560419455.jpg
0,frame1560419456.jpg
0,frame1560419456.jpg
0,frame1560419456.jpg
0,frame1560419456.jpg
0,frame1560419456.jpg
0,frame1560419456.jpg
0,frame1560419456.jpg
0,frame1560419456.jpg
0,frame1560419456.jpg
0,frame1560419456.jpg
0,frame1560419456.jpg
0,frame1560419456.jpg
0,frame1560419456.jpg
0,frame1560419456.jpg
0,frame1560419456.jpg
0,frame1560419456.jpg
0,frame1560419456.jpg
0,frame1560419456.jpg
0,frame1560419456.jpg
0,frame1560419456.jpg
0,frame1560419456.jpg
0,frame1560419456.jpg
0,frame1560419456.jpg
0,frame1560419456.jpg
0,frame1560419456.jpg
0,frame1560419456.jpg
0,frame1560419456.jpg
0,frame1560419456.jpg
0,frame1560419456.jpg
0,frame1560419456.jpg
0,frame1560419457.jpg
0,frame1560419457.jpg
0,frame1560419457.jpg
0,frame1560419457.jpg
0,frame1560419457.jpg
0,frame1560419457.jpg
0,frame1560419457.jpg
0,frame1560419457.jpg
0,frame1560419457.jpg
0,frame1560419457.jpg
0,frame1560419457.jpg
0,frame1560419457.jpg
0,frame1560419457.jpg
0,frame1560419457.jpg
0,frame1560419457.jpg
0,frame1560419457.jpg
0,frame1560419457.jpg
0,frame1560419457.jpg
0,frame1560419457.jpg
0,frame1560419457.jpg
0,frame1560419457.jpg
0,frame1560419457.jpg
0,frame1560419457.jpg
0,frame1560419457.jpg
0,frame1560419457.jpg
0,frame1560419457.jpg
0,frame1560419457.jpg
0,frame1560419457.jpg
0,frame1560419458.jpg
0,frame1560419458.jpg
0,frame1560419458.jpg
0,frame1560419458.jpg
0,frame1560419458.jpg
0,frame1560419458.jpg
0,frame1560419458.jpg
0,frame1560419458.jpg
0,frame1560419458.jpg
0,frame1560419458.jpg
0,frame1560419458.jpg
0,frame1560419458.jpg
0,frame1560419458.jpg
0,frame1560419458.jpg
0,frame1560419458.jpg
0,frame1560419458.jpg
0,frame1560419458.jpg
0,frame1560419458.jpg
0,frame1560419458.jpg
0,frame1560419458.jpg
0,frame1560419458.jpg
0,frame1560419458.jpg
0,frame1560419458.jpg
0,frame1560419458.jpg
0,frame1560419458.jpg
0,frame1560419458.jpg
0,frame1560419458.jpg
0,frame1560419458.jpg
0,frame1560419458.jpg
0,frame1560419458.jpg
0,frame1560419458.jpg
0,frame1560419458.jpg
0,frame1560419459.jpg
0,frame1560419459.jpg
0,frame1560419459.jpg
0,frame1560419459.jpg
0,frame1560419459.jpg
0,frame1560419459.jpg
0,frame1560419459.jpg
0,frame1560419459.jpg
0,frame1560419459.jpg
0,frame1560419459.jpg
0,frame1560419459.jpg
0,frame1560419459.jpg
0,frame1560419459.jpg
0,frame1560419459.jpg
0,frame1560419459.jpg
0,frame1560419459.jpg
0,frame1560419459.jpg
0,frame1560419459.jpg
0,frame1560419459.jpg
0,frame1560419459.jpg
0,frame1560419459.jpg
0,frame1560419459.jpg
0,frame1560419459.jpg
0,frame1560419459.jpg
0,frame1560419459.jpg
0,frame1560419459.jpg
0,frame1560419459.jpg
0,frame1560419459.jpg
0,frame1560419459.jpg
0,frame1560419460.jpg
0,frame1560419460.jpg
0,frame1560419460.jpg
0,frame1560419460.jpg
0,frame1560419460.jpg
0,frame1560419460.jpg
0,frame1560419460.jpg
0,frame1560419460.jpg
0,frame1560419460.jpg
0,frame1560419460.jpg
0,frame1560419460.jpg
0,frame1560419460.jpg
0,frame1560419460.jpg
0,frame1560419460.jpg
0,frame1560419460.jpg
0,frame1560419460.jpg
0,frame1560419460.jpg
0,frame1560419460.jpg
0,frame1560419461.jpg
0,frame1560419461.jpg
0,frame1560419461.jpg
0,frame1560419461.jpg
0,frame1560419461.jpg
0,frame1560419461.jpg
0,frame1560419461.jpg
0,frame1560419461.jpg
0,frame1560419461.jpg
0,frame1560419461.jpg
0,frame1560419461.jpg
0,frame1560419461.jpg
0,frame1560419461.jpg
0,frame1560419461.jpg
0,frame1560419461.jpg
0,frame1560419461.jpg
0,frame1560419462.jpg
0,frame1560419462.jpg
0,frame1560419462.jpg
0,frame1560419462.jpg
0,frame1560419462.jpg
0,frame1560419462.jpg
0,frame1560419462.jpg
0,frame1560419462.jpg
0,frame1560419462.jpg
0,frame1560419462.jpg
0,frame1560419462.jpg
0,frame1560419462.jpg
0,frame1560419462.jpg
0,frame1560419462.jpg
0,frame1560419462.jpg
0,frame1560419462.jpg
0,frame1560419462.jpg
0,frame1560419462.jpg
0,frame1560419462.jpg
0,frame1560419462.jpg
0,frame1560419462.jpg
0,frame1560419462.jpg
0,frame1560419462.jpg
0,frame1560419463.jpg
0,frame1560419463.jpg
0,frame1560419463.jpg
0,frame1560419463.jpg
0,frame1560419463.jpg
0,frame1560419463.jpg
0,frame1560419463.jpg
0,frame1560419463.jpg
0,frame1560419463.jpg
0,frame1560419463.jpg
0,frame1560419463.jpg
0,frame1560419463.jpg
0,frame1560419463.jpg
0,frame1560419463.jpg
0,frame1560419463.jpg
0,frame1560419463.jpg
0,frame1560419463.jpg
0,frame1560419463.jpg
0,frame1560419463.jpg
0,frame1560419463.jpg
0,frame1560419463.jpg
0,frame1560419463.jpg
0,frame1560419463.jpg
0,frame1560419463.jpg
0,frame1560419463.jpg
0,frame1560419463.jpg
0,frame1560419463.jpg
0,frame1560419463.jpg
0,frame1560419463.jpg
0,frame1560419463.jpg
0,frame1560419464.jpg
0,frame1560419464.jpg
0,frame1560419464.jpg
0,frame1560419464.jpg
0,frame1560419464.jpg
0,frame1560419464.jpg
0,frame1560419464.jpg
0,frame1560419464.jpg
0,frame1560419464.jpg
0,frame1560419464.jpg
0,frame1560419464.jpg
0,frame1560419464.jpg
0,frame1560419464.jpg
0,frame1560419464.jpg
0,frame1560419464.jpg
